year,region,lat,depth,lon,lat_se,depth_se,lonse,numspp
1983,Aleutian Islands,0,0,0,0,0,0,60
1986,Aleutian Islands,0.17856447332770303,6.64121556612861,0.30542689193002276,0.06761496349913909,6.028808883717334,0.800101640587057,60
1991,Aleutian Islands,0.06827480289063365,-3.680473503461722,-0.8106637850291178,0.05405950716535706,6.803833651069034,0.7723522953673955,60
1994,Aleutian Islands,0.06851853034377815,6.105716708217392,-0.3916183197399898,0.04700797930937839,6.891795330714961,0.6402578063443581,60
1997,Aleutian Islands,0.050756278087135814,1.8591385636422644,0.19394437966712844,0.05330354321421872,6.833928469846953,0.6789027933734378,60
2000,Aleutian Islands,0.04060004530360774,16.397837301525364,0.22144611883307305,0.057047520887702256,9.084573118529613,0.7274515863276957,60
2002,Aleutian Islands,0.0028919285931544654,9.450257489332099,-0.16706405147190015,0.05541921447416992,8.028495358771854,0.672370829839807,60
2004,Aleutian Islands,0.1116968662020439,-0.7972723717598058,-0.3894866272334776,0.06518521964266882,6.2894809109099326,0.7255380795358899,60
2006,Aleutian Islands,0.12334126757311085,12.267384400968176,0.9033096964273616,0.0498243753836397,6.10018264479033,0.659680161265675,60
2010,Aleutian Islands,0.04746868893925698,-4.728242810581116,-0.9127521229102081,0.05680322766776781,7.84412119458042,0.7800514150230043,60
2012,Aleutian Islands,0.016288723176927415,-2.265913878647485,-0.6891285919612959,0.05812615365532033,7.082881131285766,0.6992761294540424,60
2014,Aleutian Islands,0.13638576160253055,-3.017781061896815,0.10788016035228955,0.06027876846108427,7.328481247864616,0.7067421823949479,60
2016,Aleutian Islands,0.051256361482783085,-3.8887133111497723,-0.2453574315061947,0.05188584595790059,6.87486803203652,0.7220627349239083,60
2018,Aleutian Islands,0.03257562778216242,-2.1273145852916504,0.6690390128587651,0.060479164185513294,5.998840898647035,0.6624134648556376,60
1982,Eastern Bering Sea,0,0,0,0,0,0,78
1983,Eastern Bering Sea,0.02741899013451989,0.15633208036307542,-0.26551104567932543,0.07349200075835102,1.5402743080343908,0.22768882416717828,78
1984,Eastern Bering Sea,-0.034009551003665685,1.74174168070526,-0.1553166248908527,0.071598478194887,1.8974523561740402,0.28539126502651246,78
1985,Eastern Bering Sea,0.031565161649242286,2.5881752332717634,-0.522180013670659,0.09283558330331368,1.7578133587972682,0.23193627210177808,78
1986,Eastern Bering Sea,-0.14615242095854195,1.4151442601896436,0.1093954658452397,0.08280645130654031,1.8989892703307754,0.29419483222811105,78
1987,Eastern Bering Sea,-0.0850087426523406,1.3404491105272516,-0.1929720244007747,0.08631960010351117,1.8189586281076637,0.29576104702886563,78
1988,Eastern Bering Sea,-0.041639506336867985,1.975474543222014,-0.1624492882248628,0.07267539879244649,1.8902768839443576,0.2785640443374527,78
1989,Eastern Bering Sea,0.006521527777847835,3.3289705860452514,-0.6044627634434465,0.06938553217281183,1.8697075691300817,0.25542602075582505,78
1990,Eastern Bering Sea,-0.005616275629684253,2.521958768323767,-0.536840509672709,0.08408140681330468,1.8110904422870546,0.2637516666809835,78
1991,Eastern Bering Sea,0.07958325147816417,3.47499191456099,-0.8152152182956937,0.09317778466871167,1.7848152203289083,0.2860609791446485,78
1992,Eastern Bering Sea,-0.12002179248459427,5.974263476563362,-0.6439192394983414,0.08533559166583685,2.0162050061553933,0.28284717838972956,78
1993,Eastern Bering Sea,-0.08025216728868519,1.3041380666791444,-0.15622453263317773,0.08590619312582173,1.958729661897998,0.3023365478662075,78
1994,Eastern Bering Sea,-0.10649579207626458,0.6049381320002803,-0.003464516053731778,0.08088559567633143,1.8124592378885187,0.30849540758947336,78
1995,Eastern Bering Sea,-0.07521629456178157,1.7691559684873845,-0.19628647278921144,0.09190920617904882,1.66381264249931,0.31431387714280745,78
1996,Eastern Bering Sea,-0.055860916897124836,2.943285776569617,-0.37615387291711644,0.09940299353772249,1.7383451543149262,0.3298005508049194,78
1997,Eastern Bering Sea,-0.09048433688272658,0.8828348148531939,0.016359942778618047,0.09939137326851606,1.8093829513219908,0.2997963944928897,78
1998,Eastern Bering Sea,-0.09117193418160131,1.2971219131828793,0.03935344342965681,0.09580439586099915,1.6909414896748824,0.28870820967873345,78
1999,Eastern Bering Sea,-0.06499443921696414,3.2495094515060416,-0.2843964831781668,0.09262497848951541,1.7403639492930625,0.30815554691850155,78
2000,Eastern Bering Sea,0.029061429603075523,1.5824271891987687,-0.272846622790762,0.08197401943137986,1.676171366179171,0.2321548592069036,78
2001,Eastern Bering Sea,-0.021476182437019348,3.836000357922912,-0.4068221867829421,0.09068114212531372,1.9257016328254133,0.28761415380398925,78
2002,Eastern Bering Sea,0.04033099687232021,0.18864268394946995,-0.3746214438837413,0.10210380824110961,1.7892713401649298,0.2839888972827344,78
2003,Eastern Bering Sea,0.11005194952616658,1.1350021595527648,-0.5155816668890109,0.08997082937163396,1.7219934160418133,0.3038595531816136,78
2004,Eastern Bering Sea,0.04590176499348841,2.6009432563047916,-0.5810285346245871,0.09536209862674566,1.8844007216098109,0.3215702800148737,78
2005,Eastern Bering Sea,0.09666677005017561,1.3092079552642804,-0.6340107650447095,0.0949648828065481,1.8861523470460893,0.3127062260385894,78
2006,Eastern Bering Sea,-0.020053941368710894,2.7540024245450807,-0.47134769863250187,0.09708703151743524,1.9953944190258341,0.3181241297293894,78
2007,Eastern Bering Sea,-0.0034794310829943022,1.1065743820498806,-0.30527381056638037,0.0759127859186465,1.8553258073701346,0.28819367803421475,78
2008,Eastern Bering Sea,0.07033812220441495,2.220551594578401,-0.6259188679578559,0.08732276148994605,1.9391399896034998,0.29929189781440924,78
2009,Eastern Bering Sea,0.0023611051234315866,4.1621827847235435,-0.6873176276807703,0.08484485535875926,1.955713092636603,0.281730145081905,78
2010,Eastern Bering Sea,0.05477225066864942,2.312703476044112,-0.5369741416454457,0.09039790079346278,1.868003637426505,0.3002743988614524,78
2011,Eastern Bering Sea,-0.02556164616359605,2.5885638386901286,-0.4237690860288108,0.08944844738437878,1.9178860791473862,0.29879674513292914,78
2012,Eastern Bering Sea,-0.069971016494774,1.649652748626083,-0.22853327101394535,0.09734229533917471,2.088574532928837,0.34017994370189025,78
2013,Eastern Bering Sea,0.015584433070525797,-0.48477317875386267,-0.20966642661473583,0.09710754351999545,1.9458931175574334,0.32063414950954117,78
2014,Eastern Bering Sea,0.04390837305864856,2.0493943625320603,-0.5131748364791398,0.09303853105319118,1.8247155515265527,0.29955185749404384,78
2015,Eastern Bering Sea,0.09017149701937933,1.7324373062897587,-0.5948357540242487,0.08836541393166025,1.615825998435136,0.24592633061262997,78
2016,Eastern Bering Sea,0.27364468087612875,1.849572501933123,-1.1803992955165545,0.0936290448183101,2.1506167336000637,0.3373496169099906,78
2017,Eastern Bering Sea,0.2032689940867729,0.4666245318041465,-0.6738112383161624,0.07531277266781343,1.8668184336557068,0.2601633810227778,78
2018,Eastern Bering Sea,0.12085591116916848,1.1623623644385421,-0.7152009800181438,0.07925190810530458,1.6730318311699366,0.2695443809297779,78
1984,Gulf of Alaska,0,0,0,0,0,0,117
1987,Gulf of Alaska,-0.01274012643224749,-10.388492158096028,0.3318402755434104,0.12475833990040026,4.904815338649385,0.457349295194144,117
1990,Gulf of Alaska,-0.00358927740373658,-3.583533475919536,0.6062249397482984,0.13521247105043954,3.931417344396149,0.4812089144824235,117
1993,Gulf of Alaska,-0.243001561983192,-7.121721293564594,-0.14976715859304973,0.12069540432989756,3.9652484080883985,0.4354367876821194,117
1996,Gulf of Alaska,-0.2876586829188229,-5.935842714208208,-0.07438467054255586,0.12249658025134554,4.444016291685824,0.47370513583710694,117
1999,Gulf of Alaska,0.06457790554240109,-10.41671264154783,0.6125698671842345,0.11752847350302517,3.8985289276132074,0.394122305020341,117
2003,Gulf of Alaska,-0.2774508702144856,-9.593638840735112,-0.5078878667684938,0.12751471256080302,4.510200619926514,0.4402528479231938,117
2005,Gulf of Alaska,-0.32643190853644466,-10.005313087392171,-0.8672269699616602,0.13480019902531434,4.070542030073784,0.48596689304616736,117
2007,Gulf of Alaska,-0.33057610519681796,-2.8000277051739855,-0.6417508347148895,0.1358268788333749,4.205667929445969,0.4781474295880973,117
2009,Gulf of Alaska,-0.3117409205087002,-7.480974907734386,-1.1168703528871546,0.12718553320022946,4.689554791058095,0.4600911738619741,117
2011,Gulf of Alaska,-0.4418081890733482,-10.485066471956822,-1.0941916055682346,0.14101466688655492,4.166026026666621,0.5175733502514849,117
2013,Gulf of Alaska,0.2602283263704317,-9.689292389244624,0.5741281693841932,0.1211913781100402,4.23654630565309,0.44076954597587525,117
2015,Gulf of Alaska,-0.3170085085964016,-4.834240750423826,-1.0538358944245874,0.13385411026580427,4.295656025537533,0.49692061408998467,117
2017,Gulf of Alaska,-0.3675451321756152,-12.161997932641816,-0.885635292857672,0.13191311927639454,4.664652146769553,0.49962415814293165,117
2008,Gulf of Mexico,0,0,0,0,0,0,152
2009,Gulf of Mexico,-0.4332643091665596,-7.138315175433265,1.2730210932430748,0.06783331113981259,1.773544917850514,0.22918152358689048,152
2010,Gulf of Mexico,-0.46624224624888294,-5.62958057950156,0.6634100260591324,0.05928531315867977,1.709304390396426,0.24178884453377397,152
2011,Gulf of Mexico,-0.4587779840106861,-5.503989330404536,0.5274210994501493,0.06551227542183134,1.7459651526930173,0.24864580661384147,152
2012,Gulf of Mexico,-0.3192612168563538,-5.489849706202619,0.6532760280710792,0.06153752610041,1.7102488764220087,0.23899852635319066,152
2013,Gulf of Mexico,-0.4197784887595925,-3.5193918487911087,1.2999469511948842,0.05924881241747446,1.5438270749511949,0.24966379535815533,152
2014,Gulf of Mexico,-0.3888136968145254,-5.366727576977838,1.1529391712658146,0.06383401338758746,1.6202751287996213,0.2548652920847344,152
2015,Gulf of Mexico,-0.32979759265125624,-5.318907061623849,1.042419935195496,0.0658980859623733,1.80726541780929,0.2545854206980686,152
2016,Gulf of Mexico,-0.3136089304707954,-2.53136099973043,0.7206440248278364,0.06136100501371705,1.6902769466426373,0.2592304471841804,152
2017,Gulf of Mexico,-0.36157223987764026,0.29206706538365174,0.7120042203586812,0.06909819369985311,1.8487229832597352,0.26320849163205196,152
2019,Gulf of Mexico,-0.5521330443494622,-8.400554147009322,3.7526541225747816,0.08082509435483837,2.0801276215866316,0.2951596865575239,152
1972,Northeast US Fall,0,0,0,0,0,0,55
1973,Northeast US Fall,0.12227796594842692,-0.04548422194272839,0.1642307220059962,0.09669210573974656,2.9277798908279293,0.1396780223430554,55
1974,Northeast US Fall,0.1528057717111856,-0.05089688114287092,0.2768575752694638,0.11354091874034153,3.943119323844251,0.14030617359186942,55
1975,Northeast US Fall,0.10876883272088288,6.257678231977089,0.34904779969786753,0.11876834301828298,3.2337073204498195,0.15170100472833348,55
1976,Northeast US Fall,0.10162849457063161,1.8643193287021165,0.2528760493903186,0.10265455646665832,3.312066200937634,0.14188810422055442,55
1977,Northeast US Fall,0.15190330294592422,2.2134450830761923,0.23818101615451506,0.11985743733061661,3.018960999205724,0.16176125152086643,55
1978,Northeast US Fall,0.38255402838107333,4.167286857770041,0.5051530270985942,0.10649993809399823,3.5313830667395467,0.1647817753846667,55
1979,Northeast US Fall,0.1831368885480799,0.978056816507912,0.357207276268357,0.099751250695898,3.1819489139574166,0.12642382356816054,55
1980,Northeast US Fall,0.2806082351700389,4.745328236143437,0.25322984802770376,0.09367729791474033,3.0597911576924144,0.14829571496003854,55
1981,Northeast US Fall,0.051266432053055866,2.0093171532693805,0.04295330461408288,0.09945383601754694,3.116763480609945,0.15820189359535825,55
1982,Northeast US Fall,0.0898062890522509,-5.019302297827724,-0.06317480125188953,0.10260198001123468,4.309322229646491,0.1470438670456241,55
1983,Northeast US Fall,0.14166511511396515,-1.5653037957783382,-0.08617289897981173,0.07508051626967598,2.98348679887579,0.12332194325555268,55
1984,Northeast US Fall,0.1751847272647582,-1.070456876063621,0.03235287001434234,0.08744864283643153,3.0736585507145646,0.1478819680773267,55
1985,Northeast US Fall,0.2286463357031194,3.2705906318555296,0.05283270830644256,0.08982223742513447,2.825391440990636,0.13884532005392494,55
1986,Northeast US Fall,0.33457718937343023,5.371085200308429,0.5134539029288923,0.11209361278122679,3.3973569363340084,0.15547567588215028,55
1987,Northeast US Fall,0.14838632295599205,1.7710897920971262,0.274900478763067,0.11165469757209998,3.444455402306057,0.17096406449546867,55
1988,Northeast US Fall,0.18812955951826613,-1.8191013513532448,0.2859546434893482,0.1106380182680882,3.4710381053560773,0.14884825338537647,55
1989,Northeast US Fall,0.25323496814240387,2.019527751090563,0.24933038566795046,0.12514136385070654,3.670531021241949,0.1904980078363389,55
1990,Northeast US Fall,0.14833804601435321,3.263007196216071,0.2779152986684662,0.09672648235124245,3.346385266072793,0.14257373193889408,55
1991,Northeast US Fall,0.24636886657730395,6.2810267390012084,0.3672520163112908,0.09790450472252388,3.181437075371318,0.1457684083780354,55
1992,Northeast US Fall,0.2922099112819449,3.8023796904283187,0.42186980791627204,0.10906548169235299,3.7618229945984414,0.16613726428363476,55
1993,Northeast US Fall,0.27429844120460173,1.218271570714092,0.3398383309444385,0.10381204559991415,3.9311796197136477,0.17903001526869258,55
1994,Northeast US Fall,0.11229038840268518,1.0515930173547534,0.14397667480473278,0.11092972120224057,3.3667193544402525,0.149634151197384,55
1995,Northeast US Fall,0.31704344364654274,4.555807382353546,0.44218248601769067,0.11814635724920117,3.503367404573388,0.1682945930439893,55
1996,Northeast US Fall,0.15538831339874729,1.330461128771103,0.12790529668960562,0.11906051332085862,3.777564599532169,0.18410087522645374,55
1997,Northeast US Fall,0.18920382233535415,3.4293144874455437,0.3572300571602718,0.12757731682693352,3.642248029880131,0.16988107160922628,55
1998,Northeast US Fall,0.13835254981758152,5.350143963203779,0.30607422454221916,0.1053739816595913,3.198225152216373,0.1528867215863762,55
1999,Northeast US Fall,0.3393309429791954,5.1229004522683805,0.3728914315735939,0.12167193075710184,3.2463235719418067,0.16062918450951205,55
2000,Northeast US Fall,0.39903862630529,6.453085842570093,0.4303872630278043,0.09484891146064146,3.5734337186171814,0.17344352104378136,55
2001,Northeast US Fall,0.42024740095804614,3.835710860673997,0.47748808680370486,0.11999272620359645,3.768712849900317,0.16221374852442522,55
2002,Northeast US Fall,0.3282042925496877,1.9839825483435949,0.3863987010671069,0.11401162681254845,3.3710410519321847,0.164545885449256,55
2003,Northeast US Fall,0.14747453606646416,0.6708827079348191,0.06232082919142256,0.13246302566750914,3.7756812436724214,0.1695694639514049,55
2004,Northeast US Fall,0.17353331512945208,2.8344891150216895,0.2781225474151716,0.13719194997291848,3.948081183554584,0.17604065523303752,55
2005,Northeast US Fall,0.29506573840101513,3.5253974220041417,0.3814994855278198,0.13993443603942246,3.5017652603639617,0.19309949814236138,55
2006,Northeast US Fall,0.44464861325349986,4.221963683735072,0.5099294090931465,0.10662184587043418,2.784929899581745,0.1387573866519802,55
2007,Northeast US Fall,0.30897349351274966,1.987990614089089,0.42093974865505,0.11454218096819163,3.2747637529512272,0.1613159227541914,55
2008,Northeast US Fall,0.3537897077437687,6.301182090230995,0.5549056309299193,0.11028681927263671,3.504072202949185,0.16847563619581138,55
2009,Northeast US Fall,0.21011621024868815,3.0648142272469996,0.20464255797024242,0.11786688878263918,3.7133612678087995,0.15761611978252213,55
2010,Northeast US Fall,0.4020370130944558,10.385574096768165,0.39476622316676663,0.11052709363713609,3.374771581063251,0.13043320156952257,55
2011,Northeast US Fall,0.35757620466009327,8.03179213281169,0.4150273369744197,0.1133306743222758,3.5337486219184915,0.1370697926909595,55
2012,Northeast US Fall,0.37571496904297896,7.695560301583487,0.30596316418543434,0.10792690102514489,3.618215592050429,0.152227494925691,55
2013,Northeast US Fall,0.5255594346947788,6.77850647622183,0.6608479332999043,0.10780149885568681,3.5207244836542846,0.15235970961459916,55
2014,Northeast US Fall,0.6227410977281307,11.313812221658525,0.4862482597022488,0.12721003221055452,3.7849865620648755,0.16768066143338325,55
2015,Northeast US Fall,0.42905464981409913,8.098412701885083,0.6103395660787901,0.1127081803379795,4.14049895584013,0.15406247439371162,55
2016,Northeast US Fall,0.6105961573500741,4.941755661103638,0.6209230300365141,0.11576705391132966,3.5248998096397735,0.17204991271087952,55
2018,Northeast US Fall,0.35449400086356514,4.134847699692433,0.314627561185952,0.1349380213048736,3.275601923335308,0.18035401722643069,55
2019,Northeast US Fall,0.46990263798131776,7.997232580245359,0.5621441917069125,0.10814981589162542,3.7004628685021115,0.17314169258910522,55
1973,Northeast US Spring,0,0,0,0,0,0,53
1974,Northeast US Spring,0.23528146693327676,-5.908082610772107,0.025081273777717978,0.1075297567071965,4.521085711395446,0.16314024410611844,53
1976,Northeast US Spring,0.3384863802806702,5.076954308259242,0.25941993803558583,0.10242921058774965,3.602801498630008,0.15329549176498813,53
1978,Northeast US Spring,-0.008976984366802379,5.903714511378004,-0.1822422048214183,0.09641346463056079,2.889192670831461,0.14509718454613688,53
1979,Northeast US Spring,0.24751891586966077,0.5775687226748117,0.2537586262834005,0.09675149359843836,4.612778882041522,0.14049376344073664,53
1980,Northeast US Spring,0.16097808217294035,-0.9958028056901546,0.06467673568569329,0.11130808488285883,4.079032584439162,0.14445810019440908,53
1981,Northeast US Spring,0.2613444272042441,9.126493274591073,0.09939647694869416,0.11601695457586782,4.427916420322506,0.18870323106955114,53
1982,Northeast US Spring,0.19906368921873333,0.04339080332009554,0.05462307265701059,0.10444143126770919,3.9246003275857526,0.16883296412788867,53
1983,Northeast US Spring,0.30512928543065726,0.8348032666019988,0.09941043125745379,0.14390856190941156,4.3385103180853495,0.18600013319975087,53
1984,Northeast US Spring,0.12697136479440488,-0.5259527484571266,-0.00227003329135327,0.09648542465581171,4.231064799530801,0.1522978901412974,53
1985,Northeast US Spring,0.18364719089055143,3.577599020124569,0.030281942330972273,0.10528417191920998,4.008110825168913,0.13300097354492235,53
1986,Northeast US Spring,0.40686508578195674,-1.0777179598454838,0.2982551609272722,0.14002680740460235,4.499199149928315,0.2044285891982022,53
1987,Northeast US Spring,0.32845745667151677,3.843867296646916,0.3997435192754951,0.12409106302543409,4.273110955027915,0.18431443349611962,53
1988,Northeast US Spring,0.44256223290719676,5.5867969848243915,0.3943194166415568,0.12619467210928992,4.4799693118843775,0.163216215268863,53
1989,Northeast US Spring,0.19193463568028563,9.625928577412934,0.1508683178044797,0.11951241224408418,5.055051407041303,0.15360393854962026,53
1990,Northeast US Spring,0.22580972935716564,7.2969794209726455,0.2001048592680712,0.1143423828253961,4.7074306492077005,0.16611805688598616,53
1991,Northeast US Spring,0.34866685868400227,1.9716733731180596,0.23933673438820174,0.12240560059623057,4.292101013234704,0.17674666338476813,53
1992,Northeast US Spring,0.2909822735829912,5.348122747457727,0.15529962819207516,0.14118642265064815,5.272573318347798,0.18042674924781732,53
1993,Northeast US Spring,0.2487712584888277,11.071855256200353,0.24925174560038552,0.13431771956137759,4.987376875868559,0.18001185538361042,53
1994,Northeast US Spring,0.5070291255164229,13.774038302858504,0.6270237552698268,0.14273796797856486,5.16034018434517,0.20967351198210818,53
1995,Northeast US Spring,0.5564735237254518,4.222139996230643,0.6566006797911488,0.13299655036641675,3.6656032287196796,0.20474949937595796,53
1996,Northeast US Spring,0.5157894818544904,14.112081539845025,0.5620618696172314,0.15400600331233424,5.332325915135841,0.2266146415649244,53
1997,Northeast US Spring,0.4886732391215684,3.8472574739937557,0.3997459816281965,0.1204728291550107,4.850802212076467,0.17972588270350842,53
1998,Northeast US Spring,0.40322124983665825,15.721117929094728,0.31419129680094454,0.13040207247029795,4.64265575827356,0.16890364094747767,53
1999,Northeast US Spring,0.44886333110062965,3.36161060586111,0.3748468999950125,0.11493310667886104,4.348086563569854,0.19136390003581175,53
2000,Northeast US Spring,0.6171671551857687,5.54241955256573,0.6093876622781474,0.1169074278195506,4.642866393651558,0.17064067659686105,53
2001,Northeast US Spring,0.5812371142223655,3.875748781388806,0.39666022546839164,0.12459251842551332,5.525818562594936,0.2113727137397651,53
2002,Northeast US Spring,0.6275042312393454,9.321407992108083,0.5562443530794303,0.12071415522825395,4.881266387168931,0.16519967564635887,53
2003,Northeast US Spring,0.4487079229544575,15.78473043449039,0.3665719704491807,0.12428020797693418,3.909353694415654,0.19979666791257836,53
2004,Northeast US Spring,0.35285305415129814,11.534514757386788,0.3233916445311146,0.15858530681589333,5.216776124738711,0.19275555124574947,53
2005,Northeast US Spring,0.4206173718787901,12.792628370951753,0.5013625563918543,0.1312370045503966,5.759424606719937,0.21365177781375716,53
2006,Northeast US Spring,0.43800210872276524,7.6154298033910015,0.2627297343047374,0.12395641223789063,4.89730476909176,0.17067386551400568,53
2007,Northeast US Spring,0.5408721401166866,14.959934236039768,0.6146641688186283,0.13690975637830263,5.038004790037832,0.19088530414652008,53
2008,Northeast US Spring,0.5937751869089313,12.4671140581311,0.39598599722269,0.1401720828964756,5.53288838466528,0.207922794634085,53
2009,Northeast US Spring,0.6331387428759656,15.886954174545197,0.6718490733334723,0.13340557426807276,4.458286931512476,0.19939956845006124,53
2010,Northeast US Spring,0.5969506694104537,18.297870438870532,0.5509961365268331,0.14867536020511266,4.545025821075643,0.2091515998538893,53
2011,Northeast US Spring,0.4724891009538637,13.499271609318075,0.36816073849907743,0.13482199583353324,4.564568450729049,0.19246100081613354,53
2012,Northeast US Spring,0.568184295483283,7.421608582081571,0.36500802790088577,0.13813162637528312,4.288903978855962,0.18902905885955001,53
2013,Northeast US Spring,0.687424201338743,16.557202951640196,0.7792086826337788,0.1302335567793176,4.5778098086338535,0.1960437664025109,53
2015,Northeast US Spring,0.7044140346407066,20.164432959111178,0.6478763677029443,0.14906467513270238,4.583217368947156,0.21556398412915462,53
2016,Northeast US Spring,0.7804903618953989,9.823753988376462,0.7429208867277015,0.14558539587238978,4.750556653634633,0.19445441175775754,53
2017,Northeast US Spring,0.7206207088196775,22.412015497790755,0.760749784729469,0.13652866727845614,4.919900311354783,0.17953592967787693,53
2018,Northeast US Spring,0.6903642698972473,15.301377579686388,0.7293919899872041,0.12979817423966022,4.63425972708239,0.20094268086617595,53
2019,Northeast US Spring,0.6254529928718309,17.777899340164588,0.7032266010055046,0.14370539612979125,4.196652178575173,0.18953212888214008,53
1970,Scotian Shelf,0,0,0,0,0,0,13
1971,Scotian Shelf,0.35515998719457376,-1.510787015207386,0.7993833284961482,0.13337352747063524,3.6102936332481295,0.27795968842672886,13
1972,Scotian Shelf,0.2674393169014833,-4.569138391589585,0.5047714621038384,0.1337415896610867,4.408429823919095,0.3353416135022808,13
1973,Scotian Shelf,0.15283247770429342,-6.763067442077532,0.5447748788380616,0.09526790846873046,3.619059603927863,0.29890525300878973,13
1974,Scotian Shelf,0.15442245435051005,-2.9201468702070232,0.14434316228012387,0.0876412854154406,4.042158087315258,0.22715875480816944,13
1975,Scotian Shelf,0.10685421421612773,-3.0880549604970873,0.23177569071813325,0.11614130052793598,2.339086997672088,0.3971987341338424,13
1976,Scotian Shelf,0.11111082277578696,-3.6249735706059,-0.3345634380514605,0.12476974511868642,2.9318587357532637,0.20881828006290895,13
1977,Scotian Shelf,0.19231488916406866,-4.100633971123927,0.23273791464240098,0.1594952508906066,5.108964446787798,0.4055075372027264,13
1979,Scotian Shelf,0.15997249181961046,-7.030531898321897,-0.37674604782424836,0.15090968775878794,4.03949632144398,0.39082609778851446,13
1980,Scotian Shelf,0.18946184223241203,-1.587564894524161,0.10041979862135537,0.08649004471738243,2.6311487886384546,0.2784923426869488,13
1981,Scotian Shelf,0.310719119437007,-5.962038493871793,-0.07749006370136868,0.1356910884013428,4.8922538580195445,0.3847680906126029,13
1982,Scotian Shelf,0.2210238555631578,1.6548835248277467,0.029570325008781248,0.10346573440875932,4.539556326784245,0.43065883490960205,13
1983,Scotian Shelf,0.2633662255468099,-6.819215477908544,0.029126708396770066,0.10919003893530944,4.894383120890917,0.35137975856655157,13
1984,Scotian Shelf,0.2141956331638091,-2.5154464095079163,0.04599867399929827,0.17025962549113136,4.816481464900979,0.4529714099991207,13
1985,Scotian Shelf,0.18552184284815737,0.7140285031482978,0.11413070648743083,0.12243006884082262,2.8328298947875825,0.38716828237863815,13
1987,Scotian Shelf,0.28822088719267813,-0.5483473281540194,0.06355180197556146,0.13206735670576566,3.4794680068984083,0.3501312193892974,13
1988,Scotian Shelf,0.2523694478557745,0.8381045972101234,0.07641794533528831,0.13292700360216686,4.118464047121169,0.28258365863113244,13
1989,Scotian Shelf,0.2600179850746772,4.625283653757181,0.2556095704699693,0.13420396909841711,4.402799108033832,0.43375725908836466,13
1990,Scotian Shelf,0.18240870328895653,9.220144123715203,-0.07358642368316846,0.09092819996618996,2.4741430092517165,0.26966352476117855,13
1991,Scotian Shelf,0.08503668899796352,9.149918828820727,-0.08678614165471671,0.09252466436136435,5.512320023271523,0.28282567978281603,13
1992,Scotian Shelf,0.08556934376223069,5.754332548305586,-0.22007291175359983,0.11852518551558446,3.7400138939059824,0.3463780357092051,13
1993,Scotian Shelf,0.28738863051299945,1.040191263486628,0.07688989834718996,0.1399554534815687,7.479279611337377,0.38404302490748005,13
1994,Scotian Shelf,0.058013122737953345,7.6770004619845915,-0.8337090643238904,0.0824610003344676,5.549642490006765,0.26719523880313634,13
1995,Scotian Shelf,0.25689909663081995,5.5101641862357065,-0.008407765489944442,0.09030083095572727,6.356128901821583,0.356854498935002,13
1996,Scotian Shelf,0.11713362851193611,9.016123160763103,-0.5444351052484776,0.09722528527887796,5.132837358569321,0.3497323795791689,13
1997,Scotian Shelf,0.09775431273112918,5.707944592330498,-0.4806567725823728,0.09296502132064394,4.108171946676978,0.2801836494168341,13
1998,Scotian Shelf,0.12852849982815412,13.485072364020878,-0.20153678288790589,0.08933060484588451,5.1019903464698935,0.35358253142366275,13
1999,Scotian Shelf,0.23493976978640227,15.249779568612748,0.5587334611271314,0.13949222334995504,8.863318222922521,0.47178340754704784,13
2000,Scotian Shelf,0.18666071552148422,14.934182215972012,-0.270270174275896,0.1383393592205484,7.12139477301749,0.34645491865047745,13
2001,Scotian Shelf,0.038065111189670105,8.945148666230223,-0.3296789969970024,0.12581734126143504,5.07599152081431,0.34179258366510273,13
2002,Scotian Shelf,0.16145977521901173,4.895555334955135,-0.8103884851632591,0.13134544578036514,5.280436443311845,0.37718225532203237,13
2003,Scotian Shelf,0.15369728750883055,13.749671979970831,-0.09954864852469733,0.09090455747477372,6.265708447577843,0.39962094223004785,13
2004,Scotian Shelf,0.17754924230336508,16.08959559855388,-0.05923526352016385,0.10609237401980112,6.8114116492373755,0.3377575151979445,13
2005,Scotian Shelf,0.23273937417021912,7.533200758186347,-0.23535832696885214,0.12361424100064204,3.9811838801353083,0.4166734538325697,13
2006,Scotian Shelf,0.29028381601754094,13.457872208282888,-0.10872833184443428,0.12941768250246574,5.3245291230507785,0.5535230534293344,13
2007,Scotian Shelf,0.29722551332530145,11.97821088429396,0.706201764064457,0.13188285182221426,5.747074805016211,0.6785641520113429,13
2008,Scotian Shelf,0.10456126376202454,5.829718457928551,-0.2878090005693706,0.10213508932284691,4.102095063187503,0.45558111433081355,13
2009,Scotian Shelf,0.31986822369635676,11.666656817009398,0.27851472371772046,0.12538803158916514,5.8360003253521935,0.5337224354448588,13
2010,Scotian Shelf,0.26923011079333203,6.7432938893702765,-0.5095586040568804,0.1151986109098618,5.0262498924383,0.5043200872750905,13
2011,Scotian Shelf,0.2704551404210737,15.954810726505373,0.3499323395660099,0.11520067805457773,7.481160150805846,0.4756958942325898,13
2012,Scotian Shelf,0.3120800828008973,6.086248978646826,-0.14880326284278475,0.09962862755056022,5.393741663109254,0.5998186246510439,13
2013,Scotian Shelf,0.33995958229344364,6.1648759269005104,0.12476829295827777,0.13709633012880762,3.869987338280142,0.8480672583418255,13
2014,Scotian Shelf,0.17391991522954534,5.053506807816209,-0.4006002844259823,0.11722428213443539,6.328378110391481,0.4798093650531881,13
2015,Scotian Shelf,0.25248027296234454,8.233975692871745,-0.04265069905228485,0.1157410828971473,5.140923439317499,0.6307139291965844,13
2016,Scotian Shelf,0.32338382251700454,15.599078476501049,-0.49042591059885265,0.17772115373261235,5.428038467192836,0.5687137949173343,13
2017,Scotian Shelf,0.4091735784347715,7.239442674300749,0.230821814429897,0.1384910563755387,4.4577172513140235,0.6437665358563047,13
1989,Southeast US Fall,0,0,0,0,0,0,80
1990,Southeast US Fall,0.2600060978282199,-0.05770512065268948,0.0718242243627305,0.15053960449142004,0.04105848377816256,0.14426656058342693,80
1991,Southeast US Fall,0.20436932875376596,-0.07832793649164271,-0.03660634217346672,0.13311162016480502,0.03191227474128099,0.13833260583183435,80
1992,Southeast US Fall,-0.3558793317144867,-0.06748459870709451,-0.2871891660931155,0.13974976796171462,0.026490462216096678,0.14078200059980356,80
1993,Southeast US Fall,0.34882327737638236,-0.08147693219397562,0.15790419606803976,0.14170654851377792,0.03404075211672844,0.14846824166177364,80
1994,Southeast US Fall,0.2712942453614461,0.03489014047550844,0.15796496320098913,0.1278650149409965,0.0324242747594574,0.12536965246633067,80
1995,Southeast US Fall,0.007514617870282602,-0.05177743414228312,9.80742678811808e-4,0.12423160383817841,0.03210051096234971,0.12845789212957293,80
1996,Southeast US Fall,-0.2828790995349352,-0.10899411310746722,-0.26855235406986216,0.15700636563945433,0.03430509517158701,0.14200894858043656,80
1997,Southeast US Fall,0.14061863534923993,-0.053044900786070694,-0.1713518259151238,0.15702665583885742,0.03768094329756823,0.15943741147262677,80
1998,Southeast US Fall,0.0027220549662256843,-0.13850672329671948,-0.30493288230356547,0.1472543084595771,0.028943581179792375,0.15440725262680058,80
1999,Southeast US Fall,0.2591463113430476,-0.05476994286838123,0.1931229786267009,0.1541562980161044,0.031091230007980777,0.1365260355738939,80
2000,Southeast US Fall,0.09412897386943105,-0.10795792761440555,0.06113573568370114,0.1384119696211413,0.03149098838170403,0.1424974461734376,80
2001,Southeast US Fall,0.2151189358466669,-0.06196265111267354,0.20899181532962227,0.1373131554865119,0.03327830315119025,0.14714868558188773,80
2002,Southeast US Fall,0.4030199986426535,0.012465858043442135,0.4346765668657957,0.1407443520214939,0.036422080355084575,0.15023185085454385,80
2003,Southeast US Fall,-0.16824966858852827,-0.13150242137386747,-0.35637781521899947,0.14877279080854616,0.035095362389651934,0.15227949151274003,80
2004,Southeast US Fall,0.40332556716791806,-0.004405244139297659,0.3605884638932245,0.13404940707245286,0.036107330164978274,0.13837066970172,80
2005,Southeast US Fall,0.04193747568985753,0.01925893043213143,0.021523419196744165,0.1385016302719725,0.038126082898191097,0.15821806127338434,80
2006,Southeast US Fall,0.019844913113439454,-0.047831468694843046,-0.1814857257088537,0.14608105333869598,0.03585156484063553,0.15568471379260337,80
2007,Southeast US Fall,-0.19533473534356122,-0.1200604711238829,-0.26944536860490353,0.13335696280410095,0.03377370502757863,0.15184788144049208,80
2008,Southeast US Fall,0.03855431537206675,-0.08057290086005983,-0.012741259718426434,0.15629480756888478,0.033675575723433146,0.16453677985683857,80
2009,Southeast US Fall,-0.17903009576199974,-0.05169337481813661,-0.21362971743555031,0.14220505632843106,0.038720412412483196,0.15641849712415065,80
2010,Southeast US Fall,0.06954941906334366,-0.061357037351283894,-0.06657624118382319,0.15155697716176625,0.03783007730189846,0.1627823995281264,80
2011,Southeast US Fall,0.10023871837082696,-0.04733131545865489,0.01303534327904341,0.133940262576625,0.029823306709190343,0.13660152972078776,80
2012,Southeast US Fall,-0.07276279137531909,-0.038055953274677104,-0.08221533255007127,0.15110669821093206,0.03681236217043214,0.15361371531427326,80
2013,Southeast US Fall,0.07920379246139526,0.018470321126075807,0.0718995080284607,0.14437039334545232,0.032216485170921454,0.15354174753550529,80
2014,Southeast US Fall,0.2039686496857418,-0.04921378969671671,0.06837355745714539,0.1563634307577952,0.03208212203382036,0.17301678119460676,80
2015,Southeast US Fall,0.043045286138338176,-0.009655295698927646,0.10927782376140112,0.14716502819639965,0.03371623403702889,0.14597874188102658,80
2016,Southeast US Fall,0.40081561982562697,-0.013702334052048303,0.39234145360088046,0.12821821867614513,0.035374287162684266,0.1316042385321677,80
2017,Southeast US Fall,-0.0760990579570219,0.0073327080849631575,-0.0504398564676535,0.13855908790261595,0.03649223018854466,0.13050795445049623,80
1989,Southeast US Spring,0,0,0,0,0,0,64
1990,Southeast US Spring,-0.5574391588274347,-0.04726732094940461,-0.33354331425829353,0.13825430899629865,0.03215900709940354,0.11905252599171642,64
1991,Southeast US Spring,0.05464104352047727,-0.011720467497589857,0.19811725149868042,0.13973678197829092,0.027900541417774424,0.10733707380062332,64
1992,Southeast US Spring,0.05117227820893533,-0.016267085800196493,0.10904152770108344,0.10767939013589693,0.03451354399559919,0.08270992645679295,64
1993,Southeast US Spring,-0.4155099774820097,0.012842471106357542,-0.31309163769617343,0.12272541517550395,0.02911202899769737,0.11485921860774198,64
1994,Southeast US Spring,-0.09031411362921016,0.03564476354736394,0.16219368421021518,0.1257163198704161,0.026817068101799214,0.09751655851080696,64
1995,Southeast US Spring,0.17343058338871703,-0.024525727069883207,0.13097958920740282,0.12275177564362967,0.029263981517810435,0.1149365827788298,64
1996,Southeast US Spring,-0.3030491092278099,-0.016415774011564743,-0.09505498802401235,0.16110235313443086,0.03779913181028959,0.1439994673612171,64
1997,Southeast US Spring,0.20094919429117197,0.027053851996642814,0.2382718519981224,0.142155449611484,0.03203209387954616,0.13649953498936182,64
1998,Southeast US Spring,-0.01680429288448332,-0.03618075229516102,0.03913067301964945,0.11766980302008184,0.038033007402966376,0.11412972879198785,64
1999,Southeast US Spring,-0.20009118489805816,-0.017965168660065145,-0.12499763217163196,0.12439958305804812,0.033245444434494294,0.10954176563093211,64
2000,Southeast US Spring,-0.17273524930481382,-0.08460679088821868,-0.19522137353763824,0.10285745317191122,0.0426243289228505,0.11103459661801583,64
2001,Southeast US Spring,-0.12415119156353682,-0.013170786447643981,0.07087105743137312,0.12853803769164182,0.027071017211173175,0.09796133282413212,64
2002,Southeast US Spring,-0.09085130502771593,0.003883541661789766,0.08836555497970022,0.12005988495301911,0.025470415817262816,0.11286251132022118,64
2003,Southeast US Spring,-0.2114669901272741,-0.05025014997786567,-0.07246068833317043,0.12862643756277312,0.03224684253844176,0.12306672329178502,64
2004,Southeast US Spring,-0.2348080974938253,-0.022907379117040896,0.04615095695290905,0.12372149834999345,0.032012072837554376,0.10721374673388132,64
2005,Southeast US Spring,-0.20411543341184746,0.039138697042321244,0.1832118514121701,0.1495992744970319,0.03509202746095833,0.12909491721613742,64
2006,Southeast US Spring,-0.22241435149542887,-0.02852776434290627,-0.032079735147862554,0.1318551293497534,0.03653662965958494,0.12335385171511153,64
2007,Southeast US Spring,-0.0792146236734424,0.0029252229285804954,-0.07750402217354369,0.12197713551233683,0.02988769560684282,0.11333990663295022,64
2008,Southeast US Spring,-0.03745660805806833,-0.00623017547552622,0.11704616254429423,0.1384019327292473,0.0302241661710472,0.12193639789456909,64
2009,Southeast US Spring,-0.11633862175759113,-0.034368101335798124,0.01014995695205756,0.10828919695451192,0.03728307113318218,0.09624685676054809,64
2010,Southeast US Spring,-0.1307974689279705,0.028506671773260772,-0.016056490488059127,0.11623518369990168,0.030906036680497784,0.1029034595762515,64
2011,Southeast US Spring,-0.1721256496506942,-0.030962062535754037,-0.11863717054424927,0.13032988843660812,0.02816656924941494,0.1259748424258673,64
2012,Southeast US Spring,0.2735386925123579,0.04358672616467449,0.36403306045231987,0.12621308667816825,0.02746796121142558,0.12295646432319134,64
2013,Southeast US Spring,-0.26022860955540855,-0.009385572716394522,-0.05096970061704886,0.1474950852342097,0.02913661272452748,0.13088164753330803,64
2014,Southeast US Spring,0.0031736817737295087,-0.011784066884794928,0.34771970646349115,0.1436162771790509,0.03243670728570095,0.13622037477416277,64
2015,Southeast US Spring,-0.04537997253203063,0.02709904677317221,0.11736598192117254,0.13122632679290483,0.028842739620942165,0.10929057421652753,64
2016,Southeast US Spring,0.17189955950522,0.05344756053735214,0.21493366130415148,0.12516387820092,0.02865383292905089,0.11827762341918271,64
2017,Southeast US Spring,0.37193410292097706,0.001815912530147193,0.3947591650933897,0.11386467322606561,0.03092804189528964,0.11862090003255644,64
2018,Southeast US Spring,-0.16199370489700005,-0.053354138838640486,0.08607318506937456,0.15505393234516468,0.030969167634713843,0.14147949402415577,64
1989,Southeast US Summer,0,0,0,0,0,0,73
1990,Southeast US Summer,0.42298115540616876,-0.026371939628572563,0.22078417615131754,0.15287117221876642,0.030047193668619517,0.12718107898788894,73
1991,Southeast US Summer,0.10953778444945768,-0.10926632981042635,0.027101894220235314,0.18355439895457004,0.03284495009092363,0.14765059713303724,73
1992,Southeast US Summer,NaN,NaN,NaN,NA,NA,NA,73
1993,Southeast US Summer,0.5271181166566183,-0.024926405554643045,0.3630589401355036,0.16808495122089331,0.03787610724127584,0.1454374432583562,73
1994,Southeast US Summer,0.43782910972568523,-0.09559008427828207,0.11637008552260943,0.16789019607631353,0.03813679680759862,0.14531786539611286,73
1995,Southeast US Summer,0.18047439472217622,-0.05452329568756883,0.14782005224819758,0.157493550733083,0.03255863421769961,0.12180179183426953,73
1996,Southeast US Summer,0.46382718065080053,-0.03339827412310452,0.3684496602652942,0.17241709372436873,0.03586921804447638,0.1319826471763305,73
1997,Southeast US Summer,-0.04214060400116999,-0.20849840016161464,-0.23224414674141913,0.15625044998460785,0.03803101229537575,0.1342743952921788,73
1998,Southeast US Summer,0.08431752536092509,-0.06859136965861604,-0.009578074308665283,0.15535732466519306,0.032619602802882786,0.1329918430413597,73
1999,Southeast US Summer,0.36852187219067545,-0.055564041383574264,0.028797938181817626,0.16983996426461717,0.04107906279130823,0.14071945207562062,73
2000,Southeast US Summer,0.2969440221310868,-0.03662954922501034,0.06548038528198499,0.1737271838344562,0.037524836528830506,0.1322347057443922,73
2001,Southeast US Summer,0.22383472841301238,-0.05283188470722199,0.18939707354135943,0.17681899465004863,0.03899609539936695,0.14703039895321263,73
2002,Southeast US Summer,-0.1350851176923732,-0.08651410662634285,-0.3139950665974732,0.16240675389778458,0.0374341787978952,0.1324497602450812,73
2003,Southeast US Summer,0.374865157433082,-0.05512065646205882,0.1942018363138286,0.1541759236726207,0.03700471145672597,0.12708251497738293,73
2004,Southeast US Summer,0.1463188355613045,-0.045920409834724896,0.12517199040045965,0.167558056054365,0.036137379387648876,0.13460177782964328,73
2005,Southeast US Summer,0.33687485330500966,-0.0686018183560705,0.26017156348764225,0.16056695581963046,0.04127505492061315,0.13935880742627849,73
2006,Southeast US Summer,0.5192145694799185,-0.01282707903622844,0.33628840981019514,0.17724539564734912,0.03792614759161359,0.14131371156254718,73
2007,Southeast US Summer,0.2973515456262642,-0.09668530966082493,0.06092157360516469,0.16789789497460078,0.03946855085369695,0.14842049657489897,73
2008,Southeast US Summer,0.34756043957773264,-0.06567835278343119,0.316309107167,0.16166463269418785,0.04094061722550515,0.15218233604220385,73
2009,Southeast US Summer,0.33468588765446955,-0.06552031535087927,0.29222654186631714,0.15936208461540313,0.03327298116676502,0.1478692870661765,73
2010,Southeast US Summer,0.19938290374612205,-0.026214487955177623,-0.032218147975345425,0.1839543098118839,0.04490510229198786,0.16253152370067445,73
2011,Southeast US Summer,0.10692766180451391,-0.006539525055527896,-0.052899396586011886,0.16891433582861984,0.03286162808205114,0.1370586231682223,73
2012,Southeast US Summer,0.5671720734987036,-0.04670481322782405,0.4507116118583042,0.16040101187472655,0.036780232285041035,0.13094067517025942,73
2013,Southeast US Summer,0.554598398562309,-0.031358204249449045,0.47777800983714874,0.166201688455939,0.03779511332566243,0.14231654996012164,73
2014,Southeast US Summer,0.6304976971450761,-0.006049977121179386,0.48813933336115206,0.1582984001696577,0.0305168063893404,0.13084289130064777,73
2015,Southeast US Summer,0.30395212622457657,-0.005409097262333871,0.07894201099411756,0.1436202931408172,0.03160862762546632,0.10860725673909132,73
2016,Southeast US Summer,0.429153202927682,-0.009136152186167467,0.20879936891226653,0.15952747811605608,0.03162460629621084,0.1305439771119467,73
2017,Southeast US Summer,0.7190588650310962,0.028223913263870158,0.5093015839120637,0.15878106722563867,0.03877563634551717,0.14303441550386004,73
2018,Southeast US Summer,0.7161532405814363,-0.04256504892845465,0.5652060342060415,0.1650309622650028,0.036145483139445427,0.15550761159705845,73
2003,West Coast Annual,0,0,0,0,0,0,129
2004,West Coast Annual,0.3475729214437587,-4.1617891347735325,0.14609458545087203,0.21427685965629678,4.127587733989207,0.046550625468611766,129
2005,West Coast Annual,0.3793240781205929,-5.346261676318724,0.11439051244296661,0.19725507572676176,3.9194891514619665,0.04026384797134997,129
2006,West Coast Annual,0.6314677792335206,-7.124639547643325,0.07031265539026534,0.19688007445603956,4.008938250716195,0.04031395182894182,129
2007,West Coast Annual,0.9896597740928528,-9.306775340956394,-0.031107725460259528,0.1980580446090673,3.6426742727404267,0.035350436943933104,129
2008,West Coast Annual,0.6066658686873241,-7.597947439290942,0.10951762309156078,0.22480745653953946,3.588372562237625,0.045010358625472,129
2009,West Coast Annual,0.7827019421492466,-4.903958687739681,0.03192302869572597,0.2115135290362169,4.131609590829225,0.039081763242375944,129
2010,West Coast Annual,1.0750966890870308,6.938947634913738,-0.027954039433440755,0.20433539821436414,4.219366591118331,0.03781413356133952,129
2011,West Coast Annual,0.9281783399179602,-3.979714944392447,4.280982100431438e-4,0.21544667553656546,3.542267005156324,0.038207312819261464,129
2012,West Coast Annual,0.9671967906203685,-1.9924639798939565,0.029021726581214095,0.21778584470895604,4.104532806016314,0.03888482277726729,129
2013,West Coast Annual,0.8111673786836591,0.8240720630008885,0.02221277501485174,0.21523011787417698,4.417690106302582,0.043848040148816665,129
2014,West Coast Annual,0.7715823521566791,0.028189972561598883,0.033151006897989596,0.2114273251099599,3.822508279656369,0.037173254753741114,129
2015,West Coast Annual,1.1323012291555647,2.8859473508635327,-0.03230351522171029,0.17599892534028463,4.334899988809766,0.03457351637044547,129
2016,West Coast Annual,0.9223152470773129,2.307088895125471,-0.009900047757206374,0.2041381259974415,4.592165251349896,0.03611968332538238,129
2017,West Coast Annual,1.4064489494671477,5.5852227887538435,-0.08083119988541726,0.19329699640589595,4.203193320750626,0.03464626577617135,129
2018,West Coast Annual,1.328179803198217,3.011445512553213,-0.04081619558042962,0.205483636322923,4.352502569804581,0.038842370072223846,129
2019,West Coast Annual,1.5018959075492582,0.4823605204035578,-0.10916538154695843,0.20234900529081562,4.246999877097746,0.035174192913334866,129
1977,West Coast Triennial,0,0,0,0,0,0,74
1980,West Coast Triennial,0.9056108809540384,-16.753197028709963,-0.20711756144047577,0.35043938453612233,5.013879130024935,0.0771359712987239,74
1983,West Coast Triennial,1.2809257435059462,-12.573229255989709,-0.243957425338795,0.3077055069084466,5.914383190164702,0.0683011277741056,74
1986,West Coast Triennial,0.5736092972223045,-23.402943445916073,-0.15128962690387884,0.3386455125215653,4.992974952194177,0.0663986965209927,74
1989,West Coast Triennial,0.6938245470200901,-24.838777529617797,-0.15568588167021719,0.3312744866364991,5.016758669068392,0.07633755625408925,74
1992,West Coast Triennial,1.2189083051427367,-8.675038278567062,-0.27231561232381285,0.31148118891919246,5.086450517488715,0.06500072773848527,74
1995,West Coast Triennial,0.4773914550294648,-12.768080112396188,-0.1401718835032547,0.30621566077299883,5.65561851014849,0.06395309547412396,74
1998,West Coast Triennial,0.8527060230668717,-8.1291444376186,-0.24195176563331372,0.2663149908345701,6.062765249137657,0.060018578676124965,74
2001,West Coast Triennial,0.8248152245850501,-9.50972414959496,-0.19737919703291673,0.2809835799231438,5.70184622148042,0.06033311862569281,74
2004,West Coast Triennial,-0.08290430828438677,-14.070784281967109,-0.06104944094340585,0.3109137515569539,5.192936315011972,0.06267169150950834,74
