SubareaDescription,StratumCode,DepthIntervalm,Areakm2
Albatross Banks ,31,1 - 100,15403
Albatross Gullies,130,101 - 200,7912
Albatross Shallows ,30,1 - 100,5766
Baranof-Chichagof Shelf,150,101 - 200,4196
Baranof-Chichagof Slope,250,201 - 300,1125
Barren Islands,132,101 - 200,10981
Chirikof Bank ,22,1 - 100,10792
Chirikof Outer Shelf,122,101 - 200,5011
Chirikof Slope,221,201 - 300,1528
Chirikof Slope,320,301-500,1604
Davidson Bank,11,1 - 100,13681
East Shumagin Gully,120,101 - 200,11104
Fairweather Shelf,143,101 - 200,7728
Fox Islands ,10,1 - 100,8333
Kenai Flats,133,101 - 200,12077
Kenai Gullies,230,201 - 300,6659
Kenai Peninsula ,33,1 - 100,5260
Kodiak Outer Shelf,134,101 - 200,5026
Kodiak Slope,231,201 - 300,1623
Kodiak Slope,330,301-500,2912
Lower Alaska Peninsula ,12,1 - 100,6876
Lower Cook Inlet ,32,1 - 100,9887
Lower Shelikof Gully,220,201 - 300,10018
Middleton Shallows ,41,1 - 100,6714
Middleton Shelf,140,101 - 200,7346
Northern Kodiak Shallows ,35,1 - 100,2200
Portlock Flats,131,101 - 200,7336
Prince of Wales Shelf,151,101 - 200,6888
Prince of Wales Slope/Gullies,251,201 - 300,3927
Sanak Gully,110,101 - 200,4245
Semidi Bank,21,1 - 100,7302
Shelikof Edge,121,101 - 200,7735
Shumagin Bank ,13,1 - 100,12399
Shumagin Outer Shelf,111,101 - 200,8154
Shumagin Slope,210,201 - 300,2788
Shumagin Slope,310,301-500,2530
Southeastern Deep Gullies,350,301-500,2344
Southeastern Shallows,50,1 - 100,6546
Southeastern Slope,351,301-500,773
Upper Alaska Peninsula ,20,1 - 100,7941
Upper Shelikof Gully,232,201 - 300,3208
West Shumagin Gully,112,101 - 200,2278
Yakataga Shelf,141,101 - 200,5277
Yakutat Flats,142,101 - 200,9032
Yakutat Gullies,240,201 - 300,3043
Yakutat Gullies,340,301-500,1107
Yakutat Shallows ,40,1 - 100,9947
Yakutat Slope,241,201 - 300,2127
Yakutat Slope,341,301-500,1521
