"VESSELID","NAME",
01,"OREGO"
02,"SILVER BAY"
03,"GEORGE M. BOWERS"
04,"OREGO II"
05,"COMBAT"
06,"PELICA"
07,"FRIGATA"
08,"KIGFISHER"
09,"HERA CORTEZ"
10,"GEROIMO"
11,"UDAUTED"
12,"ATILLAS"
13,"CALAMAR"
14,"ALCYO"
15,"GULF RAGER"
16,"WESTER GULF"
17,"TOMMY MURO"
18,"TAYA & JOE"
19,"OJUKO"
20,"JEFF & TIA"
21,"DELEWARE II"
22,"OSV ATELOPE"
23,"ALABAMA ISHORE VESSELS"
24,"FLORECE MAY"
25,"LOUISIAA ISHORE VESSELS"
26,"SUCOASTER"
27,"MISSISSIPPI ISHORE VESSELS"
28,"CHAPMA"
29,"ISSIG MARU #201"
30,"R/V BELLOWS"
31,"R.J.KEMP"
32,"MATAGORDA BAY"
33,"LAGUA MADRE"
34,"GALVESTO BAY"
35,"LUMCO PELICA"
36,"HERA CORTEZ II"
37,"OLD COLOY"
38,"SEAWOLF"
39,"ATLATIC HARVESTER"
40,"SABIE LAKE"
41,"PERSISTACE"
42,"CAPTAI GRUMPY"
43,"GULF STREAM"
44,"KELCY A"
45,"MR.JUG"
46,"CALAUS"
47,"A.EEDLER"
48,"B.I.P"
49,"ALBATROSS IV"
50,"MOLLY M."
51,"LADY LISA"
52,"MISS CARRIE"
53,"CSS HUDSO"
54,"CORAL SEA"
55,"CARETTA"
56,"R/V ABREU"
57,"R/V GUAYAILLA"
58,"SEAHORSE"
59,"LIDSAY"
60,"TEDDY'S SCOW"
61,"RELETLESS"
62,"RATFIELD VESSELS"
63,"GORDO GUTER"
64,"FERREL"
65,"TRIITY BAY"
66,"ALABAMA 38ft BERTRAM"
67,"UECES BAY"
68,"MCARTHUR"
69,"SA JACITO"
70,"R/V SARIA"
71,"HARVESTIG SYSTEM TECH"
72,"GADY"
73,"E.O.WILSO"
74,"The MCILWAI"
75,"WEATHERBIRD II"
76,"PISCES"
77,"ALABAMA DISCOVERY"
87,"San Antonio Bay"
88,"BLAZIG SEVE"
89,"ancy Foster"
90,"SABIE"
91,"R/V Walton Smith"
92,"Copono Bay"
99,"OTHER VESSELS"
