CRUISEID,YR,SOURCE,VESSEL,CRUISE_NO,STARTCRU,ENDCRU,TITLE,NOTE
1.00000,1982,US,4.00000,125.00000,2/24/1982,3/31/1982,Spring Groundfish Survey,0.00000
2.00000,1982,US,4.00000,126.00000,4/15/1982,5/25/1982,Spring SEAMAP Plankton Survey,0.00000
3.00000,1982,FL,9.00000,821.00000,5/16/1982,5/16/1982,Spring SEAMAP Plankton Survey,0.00000
4.00000,1982,LA,25.00000,821.00000,6/1/1982,7/13/1982,Spring SEAMAP Plankton Survey,0.00000
5.00000,1982,US,4.00000,127.00000,6/1/1982,7/14/1982,Summer SEAMAP Groundfish Survey,0.00000
6.00000,1982,MS,17.00000,821.00000,6/6/1982,6/10/1982,Summer SEAMAP Groundfish Survey,0.00000
7.00000,1982,AL,23.00000,821.00000,6/8/1982,6/3/1982,Summer SEAMAP Groundfish Survey,0.00000
8.00000,1982,FL,9.00000,822.00000,6/8/1982,6/13/1982,Spring SEAMAP Plankton Survey,0.00000
9.00000,1982,US,20.00000,823.00000,6/16/1982,7/6/1982,Summer Groundfish Survey,0.00000
10.00000,1982,FL,9.00000,823.00000,6/20/1982,6/22/1982,Spring SEAMAP Plankton Survey,0.00000
11.00000,1982,TX,16.00000,823.00000,6/23/1982,6/26/1982,Summer SEAMAP Groundfish Survey,0.00000
12.00000,1982,TX,16.00000,824.00000,6/30/1982,7/1/1982,Summer SEAMAP Groundfish Survey,0.00000
13.00000,1982,TX,24.00000,825.00000,7/9/1982,7/13/1982,Summer SEAMAP Groundfish Survey,0.00000
14.00000,1983,US,4.00000,133.00000,3/8/1983,4/13/1983,Spring Groundfish Survey,0.00000
15.00000,1983,US,4.00000,134.00000,4/22/1983,5/23/1983,Spring SEAMAP Plankton Survey,0.00000
16.00000,1983,US,4.00000,135.00000,6/1/1983,6/16/1983,Summer SEAMAP Groundfish Survey,0.00000
17.00000,1983,MS,17.00000,831.00000,6/7/1983,6/14/1983,Summer SEAMAP Groundfish Survey,0.00000
18.00000,1983,AL,23.00000,831.00000,6/9/1983,7/2/1983,Summer SEAMAP Groundfish Survey,0.00000
19.00000,1983,LA,25.00000,831.00000,6/13/1983,6/16/1983,Summer SEAMAP Groundfish Survey,0.00000
20.00000,1983,FL,26.00000,831.00000,6/15/1983,7/5/1983,Spring SEAMAP Plankton Survey,0.00000
21.00000,1983,TX,16.00000,831.00000,6/21/1983,6/22/1983,Summer SEAMAP Groundfish Survey,0.00000
22.00000,1983,LA,25.00000,832.00000,6/21/1983,6/23/1983,Summer SEAMAP Groundfish Survey,0.00000
23.00000,1983,FL,9.00000,831.00000,6/26/1983,6/29/1983,Spring SEAMAP Plankton Survey,0.00000
24.00000,1983,TX,16.00000,832.00000,6/29/1983,7/1/1983,Summer SEAMAP Groundfish Survey,0.00000
25.00000,1983,LA,25.00000,833.00000,7/5/1983,7/5/1983,Spring SEAMAP Plankton Survey,0.00000
26.00000,1983,TX,16.00000,833.00000,7/6/1983,7/11/1983,Summer SEAMAP Groundfish Survey,0.00000
27.00000,1983,FL,9.00000,832.00000,7/12/1983,7/14/1983,Fall SEAMAP Plankton Survey,0.00000
28.00000,1983,US,4.00000,138.00000,10/12/1983,11/14/1983,Fall Groundfish Survey,0.00000
29.00000,1983,LA,25.00000,834.00000,10/17/1983,11/17/1983,Fall SEAMAP Plankton Survey,0.00000
30.00000,1983,MS,17.00000,832.00000,10/18/1983,10/18/1983,Fall SEAMAP Plankton Survey,0.00000
31.00000,1983,US,4.00000,140.00000,12/8/1983,12/21/1983,Winter SEAMAP Plankton Survey,0.00000
32.00000,1984,US,4.00000,142.00000,3/8/1984,4/11/1984,Spring Groundfish/Plankton Survey,0.00000
33.00000,1984,US,4.00000,143.00000,4/21/1984,5/22/1984,Spring SEAMAP Plankton Survey,0.00000
34.00000,1984,LA,25.00000,841.00000,6/5/1984,6/20/1984,Summer SEAMAP Groundfish Survey,0.00000
35.00000,1984,US,4.00000,145.00000,6/6/1984,6/6/1984,Summer SEAMAP Groundfish Survey,0.00000
36.00000,1984,AL,23.00000,841.00000,6/6/1984,7/25/1984,Summer SEAMAP Groundfish Survey,0.00000
37.00000,1984,MS,17.00000,841.00000,6/8/1984,7/27/1984,Summer SEAMAP Groundfish Survey,0.00000
38.00000,1984,LA,25.00000,842.00000,7/9/1984,7/24/1984,Summer SEAMAP Groundfish Survey,0.00000
39.00000,1984,US,4.00000,146.00000,8/2/1984,8/27/1984,Fall SEAMAP Plankton Survey,0.00000
40.00000,1984,LA,25.00000,843.00000,8/14/1984,10/24/1984,Fall SEAMAP Plankton Survey,0.00000
41.00000,1984,FL,30.00000,841.00000,8/25/1984,8/29/1984,Fall SEAMAP Plankton Survey,0.00000
42.00000,1984,US,4.00000,148.00000,10/9/1984,11/14/1984,Fall Groundfish Survey,0.00000
43.00000,1984,LA,25.00000,844.00000,10/31/1984,11/28/1984,Fall SEAMAP Plankton Survey,0.00000
44.00000,1984,MS,17.00000,842.00000,11/7/1984,11/8/1984,Winter SEAMAP Plankton Survey,0.00000
45.00000,1984,US,4.00000,149.00000,12/1/1984,12/17/1984,Winter SEAMAP Plankton Survey,0.00000
46.00000,1985,US,4.00000,151.00000,3/5/1985,3/28/1985,Spring Groundfish Survey,0.00000
47.00000,1985,FL,30.00000,851.00000,6/5/1985,6/14/1985,Spring SEAMAP Plankton Survey,0.00000
48.00000,1985,US,4.00000,153.00000,6/10/1985,6/10/1985,Summer SEAMAP Groundfish Survey,0.00000
49.00000,1985,LA,25.00000,851.00000,6/10/1985,6/26/1985,Summer SEAMAP Groundfish Survey,0.00000
50.00000,1985,AL,23.00000,851.00000,6/10/1985,7/15/1985,Summer SEAMAP Groundfish Survey,0.00000
51.00000,1985,MS,17.00000,851.00000,6/10/1985,6/12/1985,Summer SEAMAP Groundfish Survey,0.00000
52.00000,1985,TX,32.00000,851.00000,6/15/1985,6/26/1985,Summer SEAMAP Groundfish Survey,0.00000
53.00000,1985,LA,35.00000,852.00000,6/18/1985,6/21/1985,Summer SEAMAP Groundfish Survey,0.00000
54.00000,1985,TX,31.00000,851.00000,6/26/1985,6/29/1985,Summer SEAMAP Groundfish Survey,0.00000
55.00000,1985,TX,33.00000,851.00000,6/29/1985,7/1/1985,Summer SEAMAP Groundfish Survey,0.00000
56.00000,1985,LA,35.00000,853.00000,7/22/1985,7/25/1985,Summer SEAMAP Groundfish Survey,0.00000
57.00000,1985,US,4.00000,154.00000,7/30/1985,8/26/1985,SEAMAP Butterfish Survey,0.00000
58.00000,1985,MS,17.00000,852.00000,8/2/1985,8/13/1985,SEAMAP Butterfish Survey,0.00000
59.00000,1985,MS,17.00000,854.00000,8/22/1985,8/24/1985,Summer SEAMAP Groundfish Survey,0.00000
60.00000,1985,LA,35.00000,854.00000,9/16/1985,10/4/1985,Fall Groundfish Survey,0.00000
61.00000,1985,US,4.00000,156.00000,10/15/1985,10/15/1985,Fall Groundfish Survey,0.00000
62.00000,1985,AL,23.00000,852.00000,10/15/1985,10/15/1985,Fall Groundfish Survey,0.00000
63.00000,1985,LA,25.00000,855.00000,11/5/1985,11/7/1985,Winter SEAMAP Plankton Survey,0.00000
64.00000,1985,MS,17.00000,853.00000,11/12/1985,11/14/1985,Fall Groundfish Survey,0.00000
65.00000,1985,TX,34.00000,852.00000,11/16/1985,11/17/1985,Fall Groundfish Survey,0.00000
66.00000,1985,TX,32.00000,852.00000,11/18/1985,11/19/1985,Fall Groundfish Survey,0.00000
67.00000,1985,TX,31.00000,852.00000,11/21/1985,11/21/1985,Fall Groundfish Survey,0.00000
68.00000,1985,TX,33.00000,852.00000,11/22/1985,11/22/1985,Fall Groundfish Survey,0.00000
69.00000,1985,LA,35.00000,856.00000,12/3/1985,12/13/1985,Winter SEAMAP Trawl Survey,0.00000
70.00000,1986,US,4.00000,159.00000,4/22/1986,5/22/1986,Spring SEAMAP Plankton Survey,0.00000
71.00000,1986,FL,54.00000,861.00000,5/4/1986,5/6/1986,Spring SEAMAP Plankton Survey,0.00000
72.00000,1986,LA,35.00000,861.00000,5/5/1986,5/8/1986,Spring SEAMAP Trawl Survey,0.00000
73.00000,1986,MS,17.00000,861.00000,5/13/1986,5/30/1986,SEAMAP Butterfish Survey,0.00000
74.00000,1986,MS,17.00000,862.00000,6/10/1986,6/12/1986,Summer SEAMAP Groundfish Survey,0.00000
75.00000,1986,AL,23.00000,861.00000,6/10/1986,7/17/1986,Summer SEAMAP Groundfish Survey,0.00000
76.00000,1986,US,4.00000,160.00000,6/10/1986,7/18/1986,Summer SEAMAP Groundfish Survey,0.00000
77.00000,1986,LA,25.00000,862.00000,6/11/1986,6/19/1986,Summer SEAMAP Groundfish Survey,0.00000
78.00000,1986,LA,35.00000,863.00000,6/16/1986,6/19/1986,Summer SEAMAP Groundfish Survey,0.00000
79.00000,1986,TX,33.00000,861.00000,6/22/1986,6/23/1986,Summer SEAMAP Groundfish Survey,0.00000
80.00000,1986,TX,31.00000,861.00000,6/23/1986,6/24/1986,Summer SEAMAP Groundfish Survey,0.00000
81.00000,1986,TX,34.00000,861.00000,6/23/1986,6/25/1986,Summer SEAMAP Groundfish Survey,0.00000
82.00000,1986,TX,32.00000,861.00000,6/23/1986,6/24/1986,Summer SEAMAP Groundfish Survey,0.00000
83.00000,1986,MS,17.00000,863.00000,7/15/1986,7/18/1986,Summer SEAMAP Groundfish Survey,0.00000
84.00000,1986,US,4.00000,161.00000,9/3/1986,9/26/1986,Fall SEAMAP Plankton Survey,0.00000
85.00000,1986,FL,36.00000,862.00000,9/6/1986,9/13/1986,Fall SEAMAP Plankton Survey,0.00000
86.00000,1986,MS,17.00000,864.00000,9/8/1986,9/10/1986,Fall SEAMAP Plankton Survey,0.00000
87.00000,1986,US,28.00000,865.00000,9/13/1986,9/22/1986,Fall SEAMAP Plankton Survey,0.00000
88.00000,1986,AL,23.00000,862.00000,9/22/1986,9/18/1986,Fall SEAMAP Plankton Survey,0.00000
89.00000,1986,US,4.00000,163.00000,10/23/1986,11/23/1986,Fall SEAMAP Groundfish Survey,0.00000
90.00000,1986,LA,35.00000,864.00000,10/27/1986,10/30/1986,Fall SEAMAP Groundfish Survey,0.00000
91.00000,1986,AL,23.00000,863.00000,10/28/1986,10/28/1986,Fall SEAMAP Groundfish Survey,0.00000
92.00000,1986,MS,17.00000,865.00000,10/29/1986,10/31/1986,Fall SEAMAP Groundfish Survey,0.00000
93.00000,1986,LA,25.00000,865.00000,11/5/1986,11/6/1986,Fall SEAMAP Groundfish Survey,0.00000
94.00000,1986,FL,36.00000,864.00000,11/15/1986,11/21/1986,Winter SEAMAP Plankton Survey,0.00000
95.00000,1986,TX,33.00000,862.00000,11/17/1986,11/17/1986,Fall SEAMAP Groundfish Survey,0.00000
96.00000,1986,TX,32.00000,862.00000,11/17/1986,11/17/1986,Fall SEAMAP Groundfish Survey,0.00000
97.00000,1986,TX,31.00000,862.00000,11/17/1986,11/17/1986,Fall SEAMAP Groundfish Survey,0.00000
98.00000,1986,TX,34.00000,862.00000,11/18/1986,11/20/1986,Fall SEAMAP Groundfish Survey,0.00000
99.00000,1986,LA,35.00000,866.00000,12/1/1986,12/4/1986,Winter SEAMAP Trawl Survey,0.00000
100.00000,1987,MS,17.00000,871.00000,4/9/1987,4/18/1987,SEAMAP Butterfish Survey,0.00000
101.00000,1987,LA,35.00000,871.00000,4/14/1987,5/20/1987,Spring SEAMAP Trawl Survey,0.00000
102.00000,1987,US,4.00000,166.00000,4/15/1987,5/22/1987,Spring SEAMAP Plankton Survey,0.00000
103.00000,1987,FL,36.00000,873.00000,5/1/1987,5/9/1987,Spring SEAMAP Plankton Survey,0.00000
104.00000,1987,TX,31.00000,871.00000,6/2/1987,6/16/1987,Summer SEAMAP Groundfish Survey,0.00000
105.00000,1987,TX,32.00000,871.00000,6/2/1987,6/16/1987,Summer SEAMAP Groundfish Survey,0.00000
106.00000,1987,TX,40.00000,871.00000,6/3/1987,6/16/1987,Summer SEAMAP Groundfish Survey,0.00000
107.00000,1987,TX,33.00000,871.00000,6/6/1987,6/17/1987,Summer SEAMAP Groundfish Survey,0.00000
108.00000,1987,TX,34.00000,871.00000,6/11/1987,6/16/1987,Summer SEAMAP Groundfish Survey,0.00000
109.00000,1987,US,4.00000,167.00000,6/11/1987,7/14/1987,Summer SEAMAP Groundfish Survey,0.00000
110.00000,1987,MS,17.00000,872.00000,6/11/1987,6/12/1987,Summer SEAMAP Groundfish Survey,0.00000
111.00000,1987,AL,23.00000,871.00000,6/12/1987,6/12/1987,Summer SEAMAP Groundfish Survey,0.00000
112.00000,1987,LA,25.00000,873.00000,7/6/1987,7/9/1987,Summer SEAMAP Groundfish Survey,0.00000
113.00000,1987,LA,35.00000,872.00000,7/7/1987,7/11/1987,Summer SEAMAP Groundfish Survey,0.00000
114.00000,1987,AL,23.00000,872.00000,7/10/1987,7/15/1987,Summer SEAMAP Groundfish Survey,0.00000
115.00000,1987,FL,36.00000,875.00000,9/1/1987,9/8/1987,Fall SEAMAP Plankton Survey,0.00000
116.00000,1987,US,4.00000,169.00000,9/12/1987,9/27/1987,Fall SEAMAP Plankton Survey,0.00000
117.00000,1987,MS,17.00000,873.00000,9/15/1987,9/18/1987,Fall SEAMAP Plankton Survey,0.00000
118.00000,1987,AL,23.00000,873.00000,9/16/1987,9/16/1987,Fall SEAMAP Plankton Survey,0.00000
119.00000,1987,LA,35.00000,874.00000,9/28/1987,10/1/1987,Fall SEAMAP Groundfish Survey,0.00000
120.00000,1987,LA,35.00000,876.00000,10/20/1987,10/20/1987,Fall SEAMAP Groundfish Survey,0.00000
121.00000,1987,US,4.00000,171.00000,10/23/1987,11/22/1987,Fall SEAMAP Groundfish Survey,0.00000
122.00000,1987,MS,17.00000,874.00000,10/25/1987,10/26/1987,Fall SEAMAP Groundfish Survey,0.00000
123.00000,1987,AL,23.00000,874.00000,10/26/1987,10/26/1987,Fall SEAMAP Groundfish Survey,0.00000
124.00000,1987,AL,23.00000,875.00000,10/28/1987,11/2/1987,Fall SEAMAP Groundfish Survey,0.00000
125.00000,1987,TX,40.00000,872.00000,11/1/1987,11/24/1987,Fall SEAMAP Groundfish Survey,0.00000
126.00000,1987,TX,31.00000,872.00000,11/2/1987,11/18/1987,Fall SEAMAP Groundfish Survey,0.00000
127.00000,1987,TX,34.00000,872.00000,11/3/1987,11/30/1987,Fall SEAMAP Groundfish Survey,0.00000
128.00000,1987,TX,33.00000,872.00000,11/3/1987,11/30/1987,Fall SEAMAP Groundfish Survey,0.00000
129.00000,1987,TX,32.00000,872.00000,11/3/1987,11/21/1987,Fall SEAMAP Groundfish Survey,0.00000
130.00000,1987,LA,25.00000,875.00000,11/12/1987,11/13/1987,Fall SEAMAP Groundfish Survey,0.00000
131.00000,1987,LA,35.00000,877.00000,11/30/1987,12/3/1987,Fall SEAMAP Groundfish Survey,0.00000
132.00000,1988,LA,35.00000,881.00000,3/28/1988,3/31/1988,Spring SEAMAP Trawl Survey,0.00000
133.00000,1988,US,4.00000,173.00000,4/20/1988,5/26/1988,Spring SEAMAP Plankton Survey,0.00000
134.00000,1988,FL,36.00000,881.00000,5/2/1988,5/7/1988,Spring SEAMAP Plankton Survey,0.00000
135.00000,1988,TX,31.00000,881.00000,6/2/1988,6/23/1988,Summer SEAMAP Groundfish Survey,0.00000
136.00000,1988,TX,40.00000,881.00000,6/2/1988,6/16/1988,Summer SEAMAP Groundfish Survey,0.00000
137.00000,1988,TX,34.00000,881.00000,6/3/1988,6/21/1988,Summer SEAMAP Groundfish Survey,0.00000
138.00000,1988,TX,32.00000,881.00000,6/3/1988,6/22/1988,Summer SEAMAP Groundfish Survey,0.00000
139.00000,1988,MS,17.00000,881.00000,6/11/1988,7/11/1988,Summer SEAMAP Groundfish Survey,0.00000
140.00000,1988,US,4.00000,174.00000,6/13/1988,7/14/1988,Summer SEAMAP Groundfish Survey,0.00000
141.00000,1988,TX,33.00000,881.00000,6/14/1988,6/23/1988,Summer SEAMAP Groundfish Survey,0.00000
142.00000,1988,AL,23.00000,881.00000,6/16/1988,6/17/1988,Summer SEAMAP Groundfish Survey,0.00000
143.00000,1988,LA,25.00000,883.00000,7/5/1988,7/14/1988,Summer SEAMAP Groundfish Survey,0.00000
144.00000,1988,LA,35.00000,882.00000,7/11/1988,7/14/1988,Summer SEAMAP Groundfish Survey,0.00000
145.00000,1988,AL,23.00000,882.00000,7/12/1988,7/12/1988,Summer SEAMAP Groundfish Survey,0.00000
146.00000,1988,US,4.00000,176.00000,8/25/1988,9/28/1988,Fall SEAMAP Plankton Survey,0.00000
147.00000,1988,FL,36.00000,882.00000,8/26/1988,9/2/1988,Fall SEAMAP Plankton Survey,0.00000
148.00000,1988,AL,23.00000,883.00000,9/12/1988,9/12/1988,Fall SEAMAP Plankton Survey,0.00000
149.00000,1988,MS,17.00000,882.00000,9/13/1988,9/30/1988,Fall SEAMAP Plankton Survey,0.00000
150.00000,1988,LA,35.00000,884.00000,10/3/1988,10/12/1988,Fall SEAMAP Groundfish Survey,0.00000
151.00000,1988,US,4.00000,177.00000,10/8/1988,10/8/1988,Fall SEAMAP Groundfish Survey,0.00000
152.00000,1988,TX,33.00000,882.00000,11/2/1988,11/23/1988,Fall SEAMAP Groundfish Survey,0.00000
153.00000,1988,TX,32.00000,882.00000,11/2/1988,11/23/1988,Fall SEAMAP Groundfish Survey,0.00000
154.00000,1988,TX,40.00000,882.00000,11/2/1988,11/22/1988,Fall SEAMAP Groundfish Survey,0.00000
155.00000,1988,LA,25.00000,885.00000,11/3/1988,11/14/1988,Fall SEAMAP Groundfish Survey,0.00000
156.00000,1988,TX,34.00000,882.00000,11/8/1988,11/23/1988,Fall SEAMAP Groundfish Survey,0.00000
157.00000,1988,MS,17.00000,883.00000,11/9/1988,11/12/1988,Fall SEAMAP Groundfish Survey,0.00000
158.00000,1988,TX,31.00000,882.00000,11/13/1988,12/6/1988,Fall SEAMAP Groundfish Survey,0.00000
159.00000,1988,LA,35.00000,886.00000,11/28/1988,12/15/1988,Winter SEAMAP Trawl Survey,0.00000
160.00000,1989,LA,35.00000,891.00000,3/20/1989,4/9/1989,Spring SEAMAP Trawl Survey,0.00000
161.00000,1989,US,49.00000,892.00000,4/24/1989,5/19/1989,Spring SEAMAP Plankton Survey,0.00000
162.00000,1989,FL,36.00000,891.00000,5/11/1989,5/16/1989,Spring SEAMAP Plankton Survey,0.00000
163.00000,1989,TX,40.00000,891.00000,6/2/1989,6/20/1989,Summer SEAMAP Groundfish Survey,0.00000
164.00000,1989,TX,33.00000,891.00000,6/6/1989,6/16/1989,Summer SEAMAP Groundfish Survey,0.00000
165.00000,1989,TX,34.00000,891.00000,6/6/1989,6/19/1989,Summer SEAMAP Groundfish Survey,0.00000
166.00000,1989,TX,32.00000,891.00000,6/6/1989,6/20/1989,Summer SEAMAP Groundfish Survey,0.00000
167.00000,1989,AL,23.00000,891.00000,6/7/1989,6/7/1989,Summer SEAMAP Groundfish Survey,0.00000
168.00000,1989,TX,31.00000,891.00000,6/7/1989,6/20/1989,Summer SEAMAP Groundfish Survey,0.00000
169.00000,1989,MS,17.00000,891.00000,6/9/1989,7/11/1989,Summer SEAMAP Groundfish Survey,0.00000
170.00000,1989,US,4.00000,180.00000,6/16/1989,7/16/1989,Summer SEAMAP Groundfish Suvey,0.00000
171.00000,1989,LA,35.00000,892.00000,7/10/1989,7/13/1989,Summer SEAMAP Groundfish Survey,0.00000
172.00000,1989,LA,25.00000,893.00000,7/10/1989,7/12/1989,Summer SEAMAP Groundfish Survey,0.00000
173.00000,1989,AL,23.00000,892.00000,7/11/1989,7/14/1989,Summer SEAMAP Groundfish Survey,0.00000
174.00000,1989,US,4.00000,183.00000,9/2/1989,9/29/1989,Fall SEAMAP Plankton Survey,0.00000
175.00000,1989,AL,23.00000,893.00000,9/12/1989,9/12/1989,Fall SEAMAP Plankton Survey,0.00000
176.00000,1989,MS,17.00000,892.00000,9/16/1989,9/19/1989,Fall SEAMAP Plankton Survey,0.00000
177.00000,1989,LA,35.00000,894.00000,10/2/1989,10/6/1989,Fall SEAMAP Groundfish Survey,0.00000
178.00000,1989,FL,36.00000,892.00000,10/4/1989,10/11/1989,Fall SEAMAP Plankton Survey,0.00000
179.00000,1989,US,4.00000,184.00000,10/16/1989,11/19/1989,Fall SEAMAP Groundfish Survey,0.00000
180.00000,1989,AL,23.00000,894.00000,10/25/1989,10/25/1989,Fall SEAMAP Groundfish Survey,0.00000
181.00000,1989,TX,33.00000,892.00000,11/1/1989,11/21/1989,Fall SEAMAP Groundfish Survey,0.00000
182.00000,1989,TX,40.00000,892.00000,11/7/1989,11/21/1989,Fall SEAMAP Groundfish Survey,0.00000
183.00000,1989,TX,32.00000,892.00000,11/10/1989,12/21/1989,Fall SEAMAP Groundfish Survey,0.00000
184.00000,1989,LA,35.00000,896.00000,11/11/1989,11/12/1989,SEAMAP Comparitive Tow,0.00000
185.00000,1989,TX,34.00000,892.00000,11/12/1989,11/21/1989,Fall SEAMAP Groundfish Survey,0.00000
186.00000,1989,LA,25.00000,895.00000,11/13/1989,11/20/1989,Fall SEAMAP Groundfish Survey,0.00000
187.00000,1989,TX,31.00000,892.00000,11/13/1989,11/21/1989,Fall SEAMAP Groundfish Survey,0.00000
188.00000,1989,MS,17.00000,893.00000,11/17/1989,11/20/1989,Fall SEAMAP Groundfish Survey,0.00000
189.00000,1989,LA,35.00000,897.00000,12/13/1989,12/14/1989,Winter SEAMAP Trawl Survey,0.00000
190.00000,1990,LA,35.00000,901.00000,4/11/1990,4/13/1990,Spring SEAMAP Trawl Survey,0.00000
191.00000,1990,US,4.00000,187.00000,4/20/1990,5/24/1990,Spring SEAMAP Plankton Survey,0.00000
192.00000,1990,FL,36.00000,901.00000,5/24/1990,5/30/1990,Spring SEAMAP Plankton Survey,0.00000
193.00000,1990,US,4.00000,188.00000,5/30/1990,6/5/1990,Reef Fish Survey,0.00000
194.00000,1990,US,28.00000,904.00000,5/30/1990,6/30/1990,Spring SEAMAP Plankton Survey,0.00000
195.00000,1990,AL,23.00000,901.00000,6/7/1990,6/11/1990,Summer SEAMAP Groundfish Survey,0.00000
196.00000,1990,MS,17.00000,901.00000,6/9/1990,8/7/1990,Summer SEAMAP Groundfish Survey,0.00000
197.00000,1990,TX,33.00000,901.00000,6/10/1990,6/18/1990,Summer SEAMAP Groundfish Survey,0.00000
198.00000,1990,TX,32.00000,901.00000,6/11/1990,6/18/1990,Summer SEAMAP Groundfish Survey,0.00000
199.00000,1990,TX,31.00000,901.00000,6/12/1990,6/19/1990,Summer SEAMAP Groundfish Survey,0.00000
200.00000,1990,TX,40.00000,901.00000,6/12/1990,6/18/1990,Summer SEAMAP Groundfish Survey,0.00000
201.00000,1990,TX,34.00000,901.00000,6/13/1990,6/21/1990,Summer SEAMAP Groundfish Survey,0.00000
202.00000,1990,US,4.00000,189.00000,6/14/1990,7/13/1990,Summer SEAMAP Groundfish Survey,0.00000
203.00000,1990,LA,25.00000,903.00000,7/9/1990,7/11/1990,Summer SEAMAP Groundfish Survey,0.00000
204.00000,1990,LA,35.00000,902.00000,7/9/1990,7/12/1990,Summer SEAMAP Groundfish Survey,0.00000
205.00000,1990,AL,23.00000,902.00000,7/12/1990,7/12/1990,Summer SEAMAP Groundfish Survey,0.00000
206.00000,1990,US,4.00000,190.00000,9/2/1990,9/29/1990,Fall SEAMAP Plankton Survey,0.00000
207.00000,1990,MS,17.00000,902.00000,9/7/1990,9/16/1990,Fall SEAMAP Plankton Survey,0.00000
208.00000,1990,AL,23.00000,903.00000,9/19/1990,9/19/1990,Fall SEAMAP Plankton Survey,0.00000
209.00000,1990,LA,35.00000,904.00000,10/1/1990,10/4/1990,Fall SEAMAP Groundfish Survey,0.00000
210.00000,1990,US,4.00000,191.00000,10/12/1990,11/18/1990,Fall SEAMAP Groundfish Survey,0.00000
211.00000,1990,FL,36.00000,902.00000,10/13/1990,10/18/1990,Fall SEAMAP Plankton Survey,0.00000
212.00000,1990,TX,33.00000,902.00000,11/1/1990,11/16/1990,Fall SEAMAP Groundfish Survey,0.00000
213.00000,1990,TX,32.00000,902.00000,11/1/1990,11/16/1990,Fall SEAMAP Groundfish Survey,0.00000
214.00000,1990,TX,40.00000,902.00000,11/1/1990,11/16/1990,Fall SEAMAP Groundfish Survey,0.00000
215.00000,1990,TX,34.00000,902.00000,11/6/1990,11/19/1990,Fall SEAMAP Groundfish Survey,0.00000
216.00000,1990,LA,25.00000,905.00000,11/7/1990,11/14/1990,Fall SEAMAP Groundfish Survey,0.00000
217.00000,1990,TX,31.00000,902.00000,11/12/1990,11/28/1990,Fall SEAMAP Groundfish Survey,0.00000
218.00000,1990,AL,23.00000,904.00000,11/13/1990,11/15/1990,Fall SEAMAP Groundfish Survey,0.00000
219.00000,1990,MS,17.00000,903.00000,11/15/1990,11/18/1990,Fall SEAMAP Groundfish Survey,0.00000
220.00000,1990,LA,35.00000,906.00000,11/26/1990,12/7/1990,Winter SEAMAP Trawl Survey,0.00000
221.00000,1991,LA,35.00000,911.00000,3/25/1991,4/4/1991,Spring SEAMAP Trawl Survey,0.00000
222.00000,1991,US,4.00000,194.00000,4/17/1991,5/22/1991,Spring SEAMAP Plankton Survey,0.00000
223.00000,1991,FL,36.00000,911.00000,5/7/1991,5/9/1991,Spring SEAMAP Plankton Survey,0.00000
224.00000,1991,TX,40.00000,911.00000,6/3/1991,6/18/1991,Summer SEAMAP Groundfish Survey,0.00000
225.00000,1991,AL,23.00000,911.00000,6/3/1991,6/5/1991,Summer SEAMAP Groundfish Survey,0.00000
226.00000,1991,TX,32.00000,911.00000,6/4/1991,6/20/1991,Summer SEAMAP Groundfish Survey,0.00000
227.00000,1991,TX,34.00000,911.00000,6/5/1991,6/18/1991,Summer SEAMAP Groundfish Survey,0.00000
228.00000,1991,TX,33.00000,911.00000,6/5/1991,6/18/1991,Summer SEAMAP Groundfish Survey,0.00000
229.00000,1991,US,4.00000,195.00000,6/11/1991,7/13/1991,Summer SEAMAP Groundfish Survey,0.00000
230.00000,1991,TX,31.00000,911.00000,6/11/1991,6/18/1991,Summer SEAMAP Groundfish Survey,0.00000
231.00000,1991,MS,17.00000,911.00000,6/14/1991,7/11/1991,Summer SEAMAP Groundfish Survey,0.00000
232.00000,1991,LA,35.00000,912.00000,7/8/1991,7/12/1991,Summer SEAMAP Groundfish Survey,0.00000
233.00000,1991,LA,25.00000,913.00000,7/9/1991,7/10/1991,Summer SEAMAP Groundfish Survey,0.00000
234.00000,1991,FL,36.00000,912.00000,8/21/1991,8/25/1991,Fall SEAMAP Plankton Survey,0.00000
235.00000,1991,US,28.00000,914.00000,8/23/1991,9/26/1991,Fall SEAMAP Plankton Survey,0.00000
236.00000,1991,AL,23.00000,912.00000,9/12/1991,9/12/1991,Fall SEAMAP Plankton Survey,0.00000
237.00000,1991,MS,17.00000,912.00000,9/14/1991,9/29/1991,Fall SEAMAP Plankton Survey,0.00000
238.00000,1991,LA,35.00000,914.00000,9/30/1991,10/4/1991,Fall SEAMAP Groundfish Survey,0.00000
239.00000,1991,US,4.00000,197.00000,10/11/1991,11/18/1991,Fall SEAMAP Groundfish Survey,0.00000
240.00000,1991,AL,23.00000,913.00000,10/17/1991,10/17/1991,Fall SEAMAP Groundfish Survey,0.00000
241.00000,1991,LA,25.00000,915.00000,11/5/1991,11/6/1991,Fall SEAMAP Groundfish Survey,0.00000
242.00000,1991,TX,32.00000,912.00000,11/6/1991,11/21/1991,Fall SEAMAP Groundfish Survey,0.00000
243.00000,1991,TX,33.00000,912.00000,11/7/1991,11/22/1991,Fall SEAMAP Groundfish Survey,0.00000
244.00000,1991,TX,31.00000,912.00000,11/10/1991,11/21/1991,Fall SEAMAP Groundfish Survey,0.00000
245.00000,1991,TX,34.00000,912.00000,11/11/1991,11/18/1991,Fall SEAMAP Groundfish Survey,0.00000
246.00000,1991,TX,40.00000,912.00000,11/13/1991,11/22/1991,Fall SEAMAP Groundfish Survey,0.00000
247.00000,1991,MS,17.00000,913.00000,11/14/1991,11/16/1991,Fall SEAMAP Groundfish Survey,0.00000
248.00000,1991,LA,35.00000,916.00000,12/2/1991,12/6/1991,Winter SEAMAP Trawl Survey,0.00000
249.00000,1992,LA,35.00000,921.00000,3/9/1992,3/13/1992,Spring SEAMAP Trawl Survey,0.00000
250.00000,1992,US,4.00000,199.00000,4/22/1992,6/7/1992,Spring SEAMAP Plankton Survey,0.00000
251.00000,1992,US,28.00000,922.00000,4/30/1992,5/13/1992,Spring Plankton NEO-Mississippi River Survey,0.00000
252.00000,1992,MS,17.00000,921.00000,5/12/1992,5/14/1992,SEAMAP Trap Video Survey,0.00000
253.00000,1992,FL,26.00000,921.00000,5/17/1992,5/21/1992,Spring SEAMAP Plankton Survey,0.00000
254.00000,1992,TX,31.00000,921.00000,6/3/1992,6/18/1992,Summer SEAMAP Groundfish Survey,0.00000
255.00000,1992,TX,32.00000,921.00000,6/3/1992,6/22/1992,Summer SEAMAP Groundfish Survey,0.00000
256.00000,1992,AL,23.00000,921.00000,6/4/1992,6/12/1992,Summer SEAMAP Groundfish Survey,0.00000
257.00000,1992,TX,34.00000,921.00000,6/4/1992,6/23/1992,Summer SEAMAP Groundfish Survey,0.00000
258.00000,1992,TX,33.00000,921.00000,6/8/1992,6/23/1992,Summer SEAMAP Groundfish Survey,0.00000
259.00000,1992,TX,40.00000,921.00000,6/9/1992,6/21/1992,Summer SEAMAP Groundfish Survey,0.00000
260.00000,1992,MS,17.00000,922.00000,6/11/1992,7/13/1992,Summer SEAMAP Groundfish Survey,0.00000
261.00000,1992,US,4.00000,200.00000,6/12/1992,7/13/1992,Summer SEAMAP Groundfish Survey,0.00000
262.00000,1992,LA,35.00000,922.00000,7/6/1992,7/9/1992,Summer SEAMAP Groundfish Survey,0.00000
263.00000,1992,AL,23.00000,920.00000,7/8/1992,9/10/1992,SEAMAP Trap Video Survey,0.00000
264.00000,1992,US,28.00000,925.00000,8/30/1992,9/20/1992,Fall SEAMAP Plankton Survey,0.00000
265.00000,1992,AL,23.00000,922.00000,9/22/1992,9/22/1992,Fall SEAMAP Plankton Survey,0.00000
266.00000,1992,US,4.00000,201.00000,9/24/1992,9/29/1992,Fall SEAMAP Plankton Survey,0.00000
267.00000,1992,LA,35.00000,923.00000,9/28/1992,10/1/1992,Fall SEAMAP Groundfish Survey,0.00000
268.00000,1992,US,17.00000,923.00000,9/29/1992,9/29/1992,Fall SEAMAP Plankton Survey,0.00000
269.00000,1992,FL,26.00000,922.00000,10/12/1992,10/19/1992,Fall SEAMAP Plankton Survey,0.00000
270.00000,1992,US,4.00000,202.00000,10/14/1992,11/19/1992,Fall SEAMAP Groundfish Survey,0.00000
271.00000,1992,AL,23.00000,923.00000,10/28/1992,10/28/1992,Fall SEAMAP Groundfish Survey,0.00000
272.00000,1992,TX,34.00000,922.00000,11/2/1992,11/17/1992,Fall SEAMAP Groundfish Survey,0.00000
273.00000,1992,TX,31.00000,922.00000,11/2/1992,11/16/1992,Fall SEAMAP Groundfish Survey,0.00000
274.00000,1992,TX,32.00000,922.00000,11/12/1992,11/16/1992,Fall SEAMAP Groundfish Survey,0.00000
275.00000,1992,TX,40.00000,922.00000,11/12/1992,11/16/1992,Fall SEAMAP Groundfish Survey,0.00000
276.00000,1992,MS,17.00000,924.00000,11/15/1992,11/17/1992,Fall SEAMAP Groundfish Survey,0.00000
277.00000,1992,TX,33.00000,922.00000,11/15/1992,11/23/1992,Fall SEAMAP Groundfish Survey,0.00000
278.00000,1992,LA,35.00000,924.00000,12/7/1992,12/11/1992,Winter SEAMAP Trawl Survey,0.00000
279.00000,1993,US,4.00000,203.00000,1/6/1993,2/12/1993,Winter SEAMAP Plankton Survey,0.00000
280.00000,1993,LA,35.00000,931.00000,3/22/1993,3/26/1993,Spring SEAMAP Trawl Survey,0.00000
281.00000,1993,US,28.00000,934.00000,4/26/1993,5/14/1993,Spring SEAMAP Plankton Survey,0.00000
282.00000,1993,US,4.00000,204.00000,5/6/1993,6/15/1993,Spring SEAMAP Plankton Survey,0.00000
283.00000,1993,FL,30.00000,931.00000,5/12/1993,5/15/1993,Spring SEAMAP Plankton Survey,0.00000
284.00000,1993,MS,17.00000,931.00000,5/19/1993,5/20/1993,SEAMAP Trap Video Survey,0.00000
285.00000,1993,US,28.00000,935.00000,5/23/1993,7/1/1993,Spring SEAMAP Plankton Survey,0.00000
286.00000,1993,TX,32.00000,931.00000,6/1/1993,6/16/1993,Summer SEAMAP Groundfish Survey,0.00000
287.00000,1993,TX,34.00000,931.00000,6/2/1993,6/16/1993,Summer SEAMAP Groundfish Survey,0.00000
288.00000,1993,AL,23.00000,931.00000,6/3/1993,6/11/1993,Summer SEAMAP Groundfish Survey,0.00000
289.00000,1993,MS,17.00000,932.00000,6/11/1993,7/8/1993,Summer SEAMAP Groundfish Survey,0.00000
290.00000,1993,TX,33.00000,931.00000,6/12/1993,6/16/1993,Summer SEAMAP Groundfish Survey,0.00000
291.00000,1993,TX,40.00000,931.00000,6/13/1993,6/16/1993,Summer SEAMAP Groundfish Survey,0.00000
292.00000,1993,TX,31.00000,931.00000,6/14/1993,6/28/1993,Summer SEAMAP Groundfish Survey,0.00000
293.00000,1993,US,4.00000,205.00000,6/19/1993,6/19/1993,Summer SEAMAP Groundfish Survey,0.00000
294.00000,1993,LA,35.00000,932.00000,7/5/1993,7/8/1993,Summer SEAMAP Groundfish Survey,0.00000
295.00000,1993,AL,23.00000,934.00000,7/29/1993,11/30/1993,SEAMAP Trap Video Survey,0.00000
296.00000,1993,AL,23.00000,930.00000,8/24/1993,9/29/1993,SEAMAP Comparitve Tow,0.00000
297.00000,1993,MS,17.00000,930.00000,8/24/1993,9/29/1993,SEAMAP Comparitve Tow,0.00000
298.00000,1993,US,28.00000,936.00000,8/30/1993,9/29/1993,Fall SEAMAP Plankton Survey,0.00000
299.00000,1993,MS,17.00000,933.00000,9/9/1993,9/11/1993,Fall SEAMAP Plankton Survey,0.00000
300.00000,1993,MS,17.00000,934.00000,9/19/1993,9/21/1993,Fall SEAMAP Plankton Survey,0.00000
301.00000,1993,AL,23.00000,932.00000,9/21/1993,9/21/1993,Fall SEAMAP Plankton Survey,0.00000
302.00000,1993,LA,35.00000,933.00000,10/4/1993,10/7/1993,Fall SEAMAP Groundfish Survey,0.00000
303.00000,1993,US,4.00000,207.00000,10/5/1993,10/6/1993,Fall SEAMAP Plankton Survey,0.00000
304.00000,1993,FL,26.00000,932.00000,10/11/1993,10/18/1993,Fall SEAMAP Plankton Survey,0.00000
305.00000,1993,US,4.00000,208.00000,10/15/1993,11/18/1993,Fall SEAMAP Groundfish Survey,0.00000
306.00000,1993,AL,23.00000,933.00000,10/25/1993,10/27/1993,Fall SEAMAP Groundfish Survey,0.00000
307.00000,1993,MS,17.00000,935.00000,10/28/1993,11/3/1993,Fall SEAMAP Groundfish Survey,0.00000
308.00000,1993,TX,32.00000,932.00000,11/1/1993,11/19/1993,Fall SEAMAP Groundfish Survey,0.00000
309.00000,1993,TX,33.00000,932.00000,11/3/1993,11/18/1993,Fall SEAMAP Groundfish Survey,0.00000
310.00000,1993,TX,31.00000,932.00000,11/3/1993,11/22/1993,Fall SEAMAP Groundfish Survey,0.00000
311.00000,1993,TX,34.00000,932.00000,11/11/1993,11/17/1993,Fall SEAMAP Groundfish Survey,0.00000
312.00000,1993,TX,40.00000,932.00000,11/11/1993,11/18/1993,Fall SEAMAP Groundfish Survey,0.00000
313.00000,1993,LA,35.00000,934.00000,11/29/1993,12/3/1993,Winter SEAMAP Trawl Survey,0.00000
314.00000,1994,LA,35.00000,941.00000,3/18/1994,3/31/1994,Spring SEAMAP Trawl Survey,0.00000
315.00000,1994,US,4.00000,209.00000,4/16/1994,6/9/1994,Spring SEAMAP Plankton Survey,0.00000
316.00000,1994,LA,35.00000,940.00000,5/9/1994,5/12/1994,SEAMAP Comparitive Tow,0.00000
317.00000,1994,MS,17.00000,940.00000,5/9/1994,5/12/1994,Spring SEAMAP Trawl Survey,0.00000
318.00000,1994,FL,36.00000,941.00000,5/20/1994,5/22/1994,Spring SEAMAP Plankton Survey,0.00000
319.00000,1994,US,28.00000,944.00000,5/20/1994,5/31/1994,Spring Plankton Blue Fin Larval Survey,0.00000
320.00000,1994,TX,33.00000,941.00000,6/1/1994,6/21/1994,Summer SEAMAP Groundfish Survey,0.00000
321.00000,1994,TX,32.00000,941.00000,6/2/1994,6/21/1994,Summer SEAMAP Groundfish Survey,0.00000
322.00000,1994,AL,23.00000,941.00000,6/2/1994,6/9/1994,Summer SEAMAP Groundfish Survey,0.00000
323.00000,1994,TX,31.00000,941.00000,6/6/1994,6/20/1994,Summer SEAMAP Groundfish Survey,0.00000
324.00000,1994,TX,34.00000,941.00000,6/7/1994,6/25/1994,Summer SEAMAP Groundfish Survey,0.00000
325.00000,1994,US,28.00000,945.00000,6/9/1994,7/21/1994,Reef Fish Survey,0.00000
326.00000,1994,MS,17.00000,941.00000,6/10/1994,7/7/1994,Summer SEAMAP Groundfish Survey,0.00000
327.00000,1994,TX,40.00000,941.00000,6/14/1994,6/20/1994,Summer SEAMAP Groundfish Survey,0.00000
328.00000,1994,US,4.00000,210.00000,6/16/1994,7/18/1994,Summer SEAMAP Groundfish Survey,0.00000
329.00000,1994,LA,35.00000,942.00000,7/4/1994,7/7/1994,Summer SEAMAP Groundfish Survey,0.00000
330.00000,1994,MS,17.00000,942.00000,8/5/1994,8/7/1994,SEAMAP Trap Video Survey,0.00000
331.00000,1994,MS,17.00000,943.00000,9/9/1994,9/11/1994,Fall SEAMAP Plankton Survey,0.00000
332.00000,1994,US,28.00000,946.00000,9/11/1994,9/29/1994,Fall SEAMAP Plankton Survey,0.00000
333.00000,1994,LA,35.00000,943.00000,9/26/1994,9/29/1994,Fall SEAMAP Groundfish Survey,0.00000
334.00000,1994,AL,23.00000,944.00000,9/26/1994,12/8/1994,SEAMAP Trap Video Survey,0.00000
335.00000,1994,FL,36.00000,942.00000,9/28/1994,10/8/1994,Fall SEAMAP Plankton Survey,0.00000
336.00000,1994,AL,23.00000,942.00000,9/28/1994,9/28/1994,Fall SEAMAP Plankton Survey,0.00000
337.00000,1994,MS,17.00000,944.00000,10/2/1994,10/2/1994,Fall SEAMAP Plankton Survey,0.00000
338.00000,1994,US,4.00000,214.00000,10/14/1994,11/20/1994,Fall SEAMAP Groundfish Survey,0.00000
339.00000,1994,AL,23.00000,943.00000,10/24/1994,10/24/1994,Fall SEAMAP Groundfish Survey,0.00000
340.00000,1994,MS,17.00000,945.00000,10/27/1994,11/13/1994,Fall SEAMAP Groundfish Survey,0.00000
341.00000,1994,TX,40.00000,942.00000,11/7/1994,11/18/1994,Fall SEAMAP Groundfish Survey,0.00000
342.00000,1994,TX,34.00000,942.00000,11/8/1994,11/18/1994,Fall SEAMAP Groundfish Survey,0.00000
343.00000,1994,TX,33.00000,942.00000,11/8/1994,11/17/1994,Fall SEAMAP Groundfish Survey,0.00000
344.00000,1994,TX,31.00000,942.00000,11/14/1994,11/17/1994,Fall SEAMAP Groundfish Survey,0.00000
345.00000,1994,TX,32.00000,942.00000,11/14/1994,11/30/1994,Fall SEAMAP Groundfish Survey,0.00000
346.00000,1994,LA,35.00000,944.00000,11/28/1994,12/2/1994,Winter SEAMAP Trawl Survey,0.00000
347.00000,1995,AL,23.00000,950.00000,1/9/1995,12/1/1995,SEAMAP Trap Video Survey,0.00000
348.00000,1995,LA,35.00000,951.00000,3/21/1995,3/25/1995,Spring SEAMAP Trawl Survey,0.00000
349.00000,1995,US,4.00000,216.00000,4/19/1995,6/7/1995,Spring SEAMAP Plankton Survey,0.00000
350.00000,1995,FL,26.00000,951.00000,4/20/1995,4/28/1995,Spring SEAMAP Plankton Survey,0.00000
351.00000,1995,TX,33.00000,951.00000,6/1/1995,6/22/1995,Summer SEAMAP Groundfish Survey,0.00000
352.00000,1995,TX,40.00000,951.00000,6/2/1995,6/20/1995,Summer SEAMAP Groundfish Survey,0.00000
353.00000,1995,TX,32.00000,951.00000,6/5/1995,6/20/1995,Summer SEAMAP Groundfish Survey,0.00000
354.00000,1995,AL,23.00000,951.00000,6/6/1995,6/8/1995,Summer SEAMAP Groundfish Survey,0.00000
355.00000,1995,MS,17.00000,951.00000,6/9/1995,7/8/1995,Summer SEAMAP Groundfish Survey,0.00000
356.00000,1995,TX,34.00000,951.00000,6/12/1995,6/20/1995,Summer SEAMAP Groundfish Survey,0.00000
357.00000,1995,TX,31.00000,951.00000,6/13/1995,6/21/1995,Summer SEAMAP Groundfish Survey,0.00000
358.00000,1995,US,4.00000,217.00000,6/17/1995,7/19/1995,Summer SEAMAP Groundfish Survey,0.00000
359.00000,1995,US,28.00000,954.00000,6/21/1995,7/28/1995,Tuna/Reef Fish Survey,0.00000
360.00000,1995,LA,35.00000,952.00000,6/26/1995,6/30/1995,Summer SEAMAP Groundfish Survey,0.00000
361.00000,1995,TX,31.00000,953.00000,8/29/1995,8/29/1995,SEAMAP Trap Video Survey,0.00000
362.00000,1995,US,28.00000,955.00000,9/6/1995,9/26/1995,Fall SEAMAP Plankton Survey,0.00000
363.00000,1995,AL,23.00000,952.00000,9/14/1995,9/14/1995,Fall SEAMAP Plankton Survey,0.00000
364.00000,1995,MS,17.00000,952.00000,9/16/1995,9/18/1995,Fall SEAMAP Plankton Survey,0.00000
365.00000,1995,MS,17.00000,953.00000,9/20/1995,9/22/1995,SEAMAP Trap Video Survey,0.00000
366.00000,1995,FL,26.00000,952.00000,9/24/1995,9/28/1995,Fall SEAMAP Plankton Survey,0.00000
367.00000,1995,LA,35.00000,953.00000,9/25/1995,9/29/1995,Fall SEAMAP Groundfish Survey,0.00000
368.00000,1995,US,4.00000,219.00000,10/16/1995,11/16/1995,Fall SEAMAP Groundfish Survey,0.00000
369.00000,1995,MS,17.00000,954.00000,10/28/1995,11/15/1995,Fall SEAMAP Groundfish Survey,0.00000
370.00000,1995,TX,32.00000,952.00000,11/7/1995,11/22/1995,Fall SEAMAP Groundfish Survey,0.00000
371.00000,1995,TX,33.00000,952.00000,11/13/1995,11/22/1995,Fall SEAMAP Groundfish Survey,0.00000
372.00000,1995,TX,34.00000,952.00000,11/13/1995,11/22/1995,Fall SEAMAP Groundfish Survey,0.00000
373.00000,1995,TX,31.00000,952.00000,11/13/1995,11/16/1995,Fall SEAMAP Groundfish Survey,0.00000
374.00000,1995,TX,40.00000,952.00000,11/13/1995,11/25/1995,Fall SEAMAP Groundfish Survey,0.00000
375.00000,1995,AL,23.00000,953.00000,12/4/1995,12/4/1995,Winter SEAMAP Trawl Survey,0.00000
376.00000,1996,LA,35.00000,960.00000,1/9/1996,1/12/1996,Winter SEAMAP Trawl Survey,0.00000
377.00000,1996,US,4.00000,220.00000,4/17/1996,6/8/1996,Spring SEAMAP Plankton Survey,0.00000
378.00000,1996,AL,23.00000,964.00000,5/8/1996,10/24/1996,SEAMAP Trap Video Survey,0.00000
379.00000,1996,FL,26.00000,961.00000,5/20/1996,5/25/1996,Spring SEAMAP Plankton Survey,0.00000
380.00000,1996,TX,40.00000,961.00000,6/3/1996,6/18/1996,Summer SEAMAP Groundfish Survey,0.00000
381.00000,1996,TX,31.00000,961.00000,6/4/1996,6/27/1996,Summer SEAMAP Groundfish Survey,0.00000
382.00000,1996,TX,34.00000,961.00000,6/4/1996,6/17/1996,Summer SEAMAP Groundfish Survey,0.00000
383.00000,1996,TX,32.00000,961.00000,6/4/1996,6/29/1996,Summer SEAMAP Groundfish Survey,0.00000
384.00000,1996,TX,33.00000,961.00000,6/4/1996,6/17/1996,Summer SEAMAP Groundfish Survey,0.00000
385.00000,1996,AL,23.00000,961.00000,6/5/1996,6/5/1996,Summer SEAMAP Groundfish Survey,0.00000
386.00000,1996,MS,17.00000,961.00000,6/6/1996,7/7/1996,Summer SEAMAP Groundfish Survey,0.00000
387.00000,1996,US,4.00000,221.00000,6/14/1996,7/17/1996,Summer SEAMAP Groundfish Survey,0.00000
388.00000,1996,US,28.00000,964.00000,6/28/1996,8/21/1996,Reef Fish Survey,0.00000
389.00000,1996,LA,35.00000,961.00000,7/1/1996,7/5/1996,Summer SEAMAP Groundfish Survey,0.00000
390.00000,1996,US,28.00000,965.00000,9/5/1996,9/25/1996,Fall SEAMAP Plankton Survey,0.00000
391.00000,1996,FL,26.00000,962.00000,9/11/1996,9/14/1996,Fall SEAMAP Plankton Survey,0.00000
392.00000,1996,MS,17.00000,962.00000,9/21/1996,9/23/1996,Fall SEAMAP Plankton Survey,0.00000
393.00000,1996,LA,35.00000,962.00000,9/30/1996,10/3/1996,Fall SEAMAP Groundfish Survey,0.00000
394.00000,1996,US,4.00000,223.00000,10/2/1996,11/23/1996,Comparative Tow,0.00000
395.00000,1996,AL,23.00000,962.00000,10/10/1996,10/10/1996,Fall SEAMAP Plankton Survey,0.00000
396.00000,1996,US,4.00000,224.00000,10/11/1996,11/22/1996,Fall SEAMAP Groundfish Survey,0.00000
397.00000,1996,US,28.00000,966.00000,10/11/1996,11/24/1996,Small Pelegic/Acoustic/Plankton Survey,0.00000
398.00000,1996,MS,17.00000,963.00000,10/21/1996,10/25/1996,Fall SEAMAP Groundfish Survey,0.00000
399.00000,1996,AL,23.00000,963.00000,10/28/1996,10/30/1996,Fall SEAMAP Groundfish Survey,0.00000
400.00000,1996,TX,40.00000,962.00000,11/5/1996,11/20/1996,Fall SEAMAP Groundfish Survey,0.00000
401.00000,1996,TX,31.00000,962.00000,11/10/1996,11/20/1996,Fall SEAMAP Groundfish Survey,0.00000
402.00000,1996,TX,32.00000,962.00000,11/11/1996,11/19/1996,Fall SEAMAP Groundfish Survey,0.00000
403.00000,1996,TX,34.00000,962.00000,11/12/1996,11/19/1996,Fall SEAMAP Groundfish Survey,0.00000
404.00000,1996,TX,33.00000,962.00000,11/13/1996,11/20/1996,Fall SEAMAP Groundfish Survey,0.00000
405.00000,1996,LA,35.00000,963.00000,12/2/1996,12/5/1996,Winter SEAMAP Trawl Survey,0.00000
406.00000,1996,US,28.00000,967.00000,12/3/1996,12/16/1996,Winter SEAMAP Plankton Survey,0.00000
407.00000,1997,US,4.00000,225.00000,4/17/1997,6/9/1997,Spring SEAMAP Plankton Survey,0.00000
408.00000,1997,FL,26.00000,971.00000,5/16/1997,5/18/1997,Spring SEAMAP Plankton Survey,0.00000
409.00000,1997,TX,32.00000,971.00000,6/2/1997,6/25/1997,Summer SEAMAP Groundfish Survey,0.00000
410.00000,1997,TX,33.00000,971.00000,6/2/1997,6/19/1997,Summer SEAMAP Groundfish Survey,0.00000
411.00000,1997,TX,40.00000,971.00000,6/3/1997,6/24/1997,Summer SEAMAP Groundfish Survey,0.00000
412.00000,1997,TX,34.00000,971.00000,6/3/1997,6/25/1997,Summer SEAMAP Groundfish Survey,0.00000
413.00000,1997,AL,23.00000,971.00000,6/4/1997,6/4/1997,Summer SEAMAP Groundfish Survey,0.00000
414.00000,1997,TX,31.00000,971.00000,6/4/1997,6/26/1997,Summer SEAMAP Groundfish Survey,0.00000
415.00000,1997,MS,17.00000,971.00000,6/6/1997,7/11/1997,Summer SEAMAP Groundfish Survey,0.00000
416.00000,1997,US,4.00000,226.00000,6/13/1997,7/16/1997,Summer SEAMAP Groundfish Survey,0.00000
417.00000,1997,US,28.00000,974.00000,6/20/1997,8/17/1997,Reef Fish Survey,0.00000
418.00000,1997,LA,35.00000,971.00000,6/29/1997,7/2/1997,Summer SEAMAP Groundfish Survey,0.00000
419.00000,1997,AL,23.00000,973.00000,7/15/1997,11/10/1997,SEAMAP Trap Video Survey,0.00000
420.00000,1997,US,28.00000,975.00000,9/7/1997,9/27/1997,Fall SEAMAP Plankton Survey,0.00000
421.00000,1997,AL,23.00000,972.00000,9/16/1997,9/16/1997,Fall SEAMAP Plankton Survey,0.00000
422.00000,1997,MS,17.00000,972.00000,9/20/1997,9/22/1997,Fall SEAMAP Plankton Survey,0.00000
423.00000,1997,FL,26.00000,972.00000,10/2/1997,10/6/1997,Fall SEAMAP Plankton Survey,0.00000
424.00000,1997,LA,35.00000,972.00000,10/4/1997,10/7/1997,Fall SEAMAP Groundfish Survey,0.00000
425.00000,1997,US,4.00000,229.00000,10/10/1997,11/20/1997,Fall SEAMAP Groundfish Survey,0.00000
426.00000,1997,AL,23.00000,974.00000,10/21/1997,10/21/1997,Fall SEAMAP Groundfish Survey,0.00000
427.00000,1997,TX,32.00000,972.00000,11/3/1997,11/20/1997,Fall SEAMAP Groundfish Survey,0.00000
428.00000,1997,TX,40.00000,972.00000,11/4/1997,11/20/1997,Fall SEAMAP Groundfish Survey,0.00000
429.00000,1997,MS,17.00000,973.00000,11/7/1997,11/11/1997,Fall SEAMAP Groundfish Survey,0.00000
430.00000,1997,TX,34.00000,972.00000,11/11/1997,11/25/1997,Fall SEAMAP Groundfish Survey,0.00000
431.00000,1997,TX,33.00000,972.00000,11/13/1997,11/21/1997,Fall SEAMAP Groundfish Survey,0.00000
432.00000,1997,TX,31.00000,972.00000,11/13/1997,11/20/1997,Fall SEAMAP Groundfish Survey,0.00000
433.00000,1997,LA,35.00000,973.00000,12/1/1997,12/4/1997,Winter SEAMAP Trawl Survey,0.00000
434.00000,1998,US,28.00000,984.00000,4/19/1998,5/30/1998,Spring SEAMAP Plankton Survey,0.00000
435.00000,1998,AL,23.00000,984.00000,5/19/1998,8/28/1998,SEAMAP Trap Video Survey,0.00000
436.00000,1998,TX,33.00000,981.00000,6/1/1998,6/17/1998,Summer SEAMAP Groundfish Survey,0.00000
437.00000,1998,TX,32.00000,981.00000,6/1/1998,6/25/1998,Summer SEAMAP Groundfish Survey,0.00000
438.00000,1998,AL,23.00000,981.00000,6/2/1998,6/2/1998,Summer SEAMAP Groundfish Survey,0.00000
439.00000,1998,TX,40.00000,981.00000,6/13/1998,6/23/1998,Summer SEAMAP Groundfish Survey,0.00000
440.00000,1998,TX,34.00000,981.00000,6/16/1998,6/22/1998,Summer SEAMAP Groundfish Survey,0.00000
441.00000,1998,TX,31.00000,981.00000,6/16/1998,6/23/1998,Summer SEAMAP Groundfish Survey,0.00000
442.00000,1998,FL,26.00000,981.00000,6/21/1998,6/23/1998,Summer SEAMAP Plankton Survey,0.00000
443.00000,1998,US,4.00000,230.00000,6/22/1998,7/16/1998,Summer SEAMAP Groundfish Survey,0.00000
444.00000,1998,MS,17.00000,981.00000,6/27/1998,7/9/1998,Summer SEAMAP Groundfish Survey,0.00000
445.00000,1998,LA,35.00000,981.00000,7/6/1998,7/9/1998,Summer SEAMAP Groundfish Survey,0.00000
446.00000,1998,US,61.00000,981.00000,7/9/1998,8/20/1998,Fall SEAMAP Plankton Survey,0.00000
447.00000,1998,US,63.00000,981.00000,9/4/1998,9/25/1998,Fall SEAMAP Plankton Survey,0.00000
448.00000,1998,MS,17.00000,982.00000,9/22/1998,9/24/1998,Fall SEAMAP Plankton Survey,0.00000
449.00000,1998,LA,35.00000,982.00000,9/30/1998,10/3/1998,Fall SEAMAP Groundfish Survey,0.00000
450.00000,1998,AL,23.00000,982.00000,10/6/1998,10/6/1998,Fall SEAMAP Plankton Survey,0.00000
451.00000,1998,US,4.00000,232.00000,10/12/1998,11/18/1998,Fall SEAMAP Groundfish Survey,0.00000
452.00000,1998,MS,17.00000,983.00000,10/26/1998,11/1/1998,Fall SEAMAP Groundfish Survey,0.00000
453.00000,1998,AL,23.00000,983.00000,10/27/1998,10/29/1998,Fall SEAMAP Groundfish Survey,0.00000
454.00000,1998,TX,32.00000,982.00000,11/2/1998,11/16/1998,Fall SEAMAP Groundfish Survey,0.00000
455.00000,1998,TX,34.00000,982.00000,11/3/1998,11/16/1998,Fall SEAMAP Groundfish Survey,0.00000
456.00000,1998,TX,31.00000,982.00000,11/3/1998,11/16/1998,Fall SEAMAP Groundfish Survey,0.00000
457.00000,1998,TX,40.00000,982.00000,11/3/1998,11/16/1998,Fall SEAMAP Groundfish Survey,0.00000
458.00000,1998,TX,33.00000,982.00000,11/13/1998,11/17/1998,Fall SEAMAP Groundfish Survey,0.00000
459.00000,1998,LA,35.00000,983.00000,11/17/1998,11/20/1998,Fall SEAMAP Groundfish Survey,0.00000
460.00000,1999,AL,23.00000,994.00000,1/25/1999,12/14/1999,SEAMAP Trap Video Survey,0.00000
461.00000,1999,US,4.00000,234.00000,4/23/1999,5/31/1999,Spring SEAMAP Plankton Survey,0.00000
462.00000,1999,TX,32.00000,991.00000,6/1/1999,6/16/1999,Summer SEAMAP Groundfish Survey,0.00000
463.00000,1999,TX,34.00000,991.00000,6/2/1999,6/19/1999,Summer SEAMAP Groundfish Survey,0.00000
464.00000,1999,AL,23.00000,991.00000,6/3/1999,6/4/1999,Summer SEAMAP Groundfish Survey,0.00000
465.00000,1999,TX,40.00000,991.00000,6/7/1999,6/16/1999,Summer SEAMAP Groundfish Survey,0.00000
466.00000,1999,TX,33.00000,991.00000,6/8/1999,6/16/1999,Summer SEAMAP Groundfish Survey,0.00000
467.00000,1999,TX,65.00000,991.00000,6/10/1999,6/29/1999,Summer SEAMAP Groundfish Survey,0.00000
468.00000,1999,MS,17.00000,991.00000,6/11/1999,7/9/1999,Summer SEAMAP Groundfish Survey,0.00000
469.00000,1999,US,4.00000,235.00000,6/15/1999,7/20/1999,Summer SEAMAP Groundfish Survey,0.00000
470.00000,1999,LA,17.00000,992.00000,7/12/1999,7/15/1999,Summer SEAMAP Groundfish Survey,0.00000
471.00000,1999,US,63.00000,992.00000,9/3/1999,9/29/1999,Fall SEAMAP Plankton Survey,0.00000
472.00000,1999,MS,17.00000,993.00000,9/9/1999,9/10/1999,Fall SEAMAP Plankton Survey,0.00000
473.00000,1999,FL,26.00000,991.00000,9/25/1999,9/29/1999,Fall SEAMAP Plankton Survey,0.00000
474.00000,1999,AL,23.00000,992.00000,9/29/1999,9/29/1999,Fall SEAMAP Plankton Survey,0.00000
475.00000,1999,LA,17.00000,994.00000,10/11/1999,10/14/1999,Fall SEAMAP Groundfish Survey,0.00000
476.00000,1999,US,4.00000,237.00000,10/16/1999,11/22/1999,Fall SEAMAP Groundfish Survey,0.00000
477.00000,1999,US,63.00000,993.00000,10/20/1999,11/22/1999,Fall SEAMAP Groundfish Survey,0.00000
478.00000,1999,MS,17.00000,995.00000,10/22/1999,10/26/1999,Fall SEAMAP Groundfish Survey,0.00000
479.00000,1999,AL,23.00000,993.00000,10/28/1999,10/28/1999,Fall SEAMAP Groundfish Survey,0.00000
480.00000,1999,TX,32.00000,992.00000,11/1/1999,11/16/1999,Fall SEAMAP Groundfish Survey,0.00000
481.00000,1999,TX,40.00000,992.00000,11/1/1999,11/17/1999,Fall SEAMAP Groundfish Survey,0.00000
482.00000,1999,TX,65.00000,992.00000,11/4/1999,12/1/1999,Fall SEAMAP Groundfish Survey,0.00000
483.00000,1999,TX,33.00000,992.00000,11/8/1999,11/23/1999,Fall SEAMAP Groundfish Survey,0.00000
484.00000,1999,TX,34.00000,992.00000,11/8/1999,11/18/1999,Fall SEAMAP Groundfish Survey,0.00000
485.00000,1999,LA,35.00000,993.00000,11/29/1999,12/3/1999,Winter SEAMAP Trawl Survey,0.00000
486.00000,2000,US,63.00000,2.00000,4/20/2000,5/26/2000,Spring SEAMAP Plankton Survey,0.00000
487.00000,2000,TX,40.00000,1.00000,6/1/2000,6/22/2000,Summer SEAMAP Groundfish Survey,0.00000
488.00000,2000,TX,32.00000,1.00000,6/5/2000,6/27/2000,Summer SEAMAP Groundfish Survey,0.00000
489.00000,2000,AL,23.00000,1.00000,6/5/2000,6/12/2000,Summer SEAMAP Groundfish Survey,0.00000
490.00000,2000,TX,31.00000,1.00000,6/6/2000,6/27/2000,Summer SEAMAP Groundfish Survey,0.00000
491.00000,2000,MS,17.00000,1.00000,6/9/2000,7/12/2000,Summer SEAMAP Groundfish Survey,0.00000
492.00000,2000,TX,33.00000,1.00000,6/13/2000,6/26/2000,Summer SEAMAP Groundfish Survey,0.00000
493.00000,2000,TX,65.00000,1.00000,6/13/2000,6/26/2000,Summer SEAMAP Groundfish Survey,0.00000
494.00000,2000,US,4.00000,240.00000,6/13/2000,7/19/2000,Summer SEAMAP Groundfish Survey,0.00000
495.00000,2000,LA,35.00000,1.00000,7/17/2000,7/20/2000,Summer SEAMAP Groundfish Survey,0.00000
496.00000,2000,US,4.00000,242.00000,9/7/2000,10/1/2000,Fall SEAMAP Plankton Survey,0.00000
497.00000,2000,AL,23.00000,2.00000,9/12/2000,9/12/2000,Fall SEAMAP Plankton Survey,0.00000
498.00000,2000,FL,26.00000,1.00000,9/26/2000,9/29/2000,Fall SEAMAP Plankton Survey,0.00000
499.00000,2000,AL,23.00000,4.00000,10/11/2000,11/3/2000,SEAMAP Trap Video Survey,0.00000
500.00000,2000,LA,35.00000,2.00000,10/11/2000,10/13/2000,Fall SEAMAP Groundfish Survey,0.00000
501.00000,2000,MS,17.00000,2.00000,10/13/2000,10/15/2000,Fall SEAMAP Plankton Survey,0.00000
502.00000,2000,US,4.00000,243.00000,10/14/2000,11/19/2000,Fall SEAMAP Groundfish Survey,0.00000
503.00000,2000,AL,23.00000,3.00000,10/19/2000,10/19/2000,Fall SEAMAP Groundfish Survey,0.00000
504.00000,2000,MS,17.00000,3.00000,10/20/2000,10/31/2000,Fall SEAMAP Groundfish Survey,0.00000
505.00000,2000,TX,40.00000,2.00000,11/10/2000,11/20/2000,Fall SEAMAP Groundfish Survey,0.00000
506.00000,2000,TX,32.00000,2.00000,11/10/2000,11/20/2000,Fall SEAMAP Groundfish Survey,0.00000
507.00000,2000,TX,33.00000,2.00000,11/11/2000,11/22/2000,Fall SEAMAP Groundfish Survey,0.00000
508.00000,2000,TX,31.00000,2.00000,11/11/2000,11/21/2000,Fall SEAMAP Groundfish Survey,0.00000
509.00000,2000,TX,65.00000,2.00000,11/15/2000,11/28/2000,Fall SEAMAP Groundfish Survey,0.00000
510.00000,2000,LA,35.00000,3.00000,11/27/2000,12/1/2000,Winter SEAMAP Trawl Survey,0.00000
511.00000,2001,US,63.00000,12.00000,4/18/2001,5/29/2001,Spring SEAMAP Plankton Survey,0.00000
512.00000,2001,AL,66.00000,11.00000,5/18/2001,10/22/2001,SEAMAP Trap Video Survey,0.00000
513.00000,2001,TX,33.00000,11.00000,6/1/2001,6/18/2001,Summer SEAMAP Groundfish Survey,0.00000
514.00000,2001,TX,67.00000,11.00000,6/1/2001,6/18/2001,Summer SEAMAP Groundfish Survey,0.00000
515.00000,2001,MS,17.00000,12.00000,6/8/2001,6/16/2001,Summer SEAMAP Groundfish Survey,0.00000
516.00000,2001,TX,34.00000,11.00000,6/8/2001,6/18/2001,Summer SEAMAP Groundfish Survey,0.00000
517.00000,2001,TX,69.00000,11.00000,6/11/2001,6/18/2001,Summer SEAMAP Groundfish Survey,0.00000
518.00000,2001,TX,40.00000,11.00000,6/11/2001,6/18/2001,Summer SEAMAP Groundfish Survey,0.00000
519.00000,2001,US,4.00000,246.00000,6/12/2001,7/24/2001,Summer SEAMAP Groundfish Survey,0.00000
520.00000,2001,AL,23.00000,11.00000,6/18/2001,6/25/2001,Summer SEAMAP Groundfish Survey,0.00000
521.00000,2001,US,17.00000,13.00000,7/3/2001,7/12/2001,Summer SEAMAP Groundfish Survey,0.00000
522.00000,2001,LA,35.00000,11.00000,7/16/2001,7/19/2001,Summer SEAMAP Groundfish Survey,0.00000
523.00000,2001,US,63.00000,15.00000,8/31/2001,9/7/2001,Fall SEAMAP Plankton Survey,0.00000
524.00000,2001,AL,23.00000,12.00000,9/27/2001,9/27/2001,Fall SEAMAP Plankton Survey,0.00000
525.00000,2001,LA,35.00000,12.00000,10/8/2001,10/21/2001,Fall SEAMAP Groundfish Survey,0.00000
526.00000,2001,FL,26.00000,11.00000,10/11/2001,10/14/2001,Fall SEAMAP Plankton Survey,0.00000
527.00000,2001,US,63.00000,16.00000,10/15/2001,11/19/2001,Comparitive Tow,0.00000
528.00000,2001,US,4.00000,248.00000,10/15/2001,11/19/2001,Fall SEAMAP Groundfish Survey,0.00000
529.00000,2001,MS,17.00000,14.00000,10/18/2001,10/21/2001,Fall SEAMAP Plankton Survey,0.00000
530.00000,2001,AL,23.00000,13.00000,10/23/2001,11/12/2001,Fall SEAMAP Groundfish Survey,0.00000
531.00000,2001,TX,34.00000,12.00000,11/7/2001,11/19/2001,Fall SEAMAP Groundfish Survey,0.00000
532.00000,2001,TX,40.00000,12.00000,11/7/2001,11/18/2001,Fall SEAMAP Groundfish Survey,0.00000
533.00000,2001,TX,69.00000,12.00000,11/7/2001,11/26/2001,Fall SEAMAP Groundfish Survey,0.00000
534.00000,2001,TX,31.00000,12.00000,11/8/2001,11/19/2001,Fall SEAMAP Groundfish Survey,0.00000
535.00000,2001,TX,67.00000,12.00000,11/12/2001,11/19/2001,Fall SEAMAP Groundfish Survey,0.00000
536.00000,2001,MS,17.00000,15.00000,12/4/2001,12/5/2001,Winter SEAMAP Trawl Survey,0.00000
537.00000,2001,LA,35.00000,13.00000,12/10/2001,12/13/2001,Winter SEAMAP Trawl Survey,0.00000
538.00000,2002,US,55.00000,21.00000,2/15/2002,3/8/2002,Reef Fish Video Survey,0.00000
539.00000,2002,US,4.00000,249.00000,4/5/2002,5/30/2002,Reef Fish Survey,0.00000
540.00000,2002,US,63.00000,22.00000,4/18/2002,5/28/2002,Spring SEAMAP Plankton Survey,0.00000
541.00000,2002,MS,17.00000,21.00000,5/16/2002,5/17/2002,Spring SEAMAP Trawl Survey,0.00000
542.00000,2002,TX,32.00000,22.00000,6/3/2002,6/17/2002,Summer SEAMAP Groundfish Survey,0.00000
543.00000,2002,TX,31.00000,22.00000,6/3/2002,6/18/2002,Summer SEAMAP Groundfish Survey,0.00000
544.00000,2002,AL,23.00000,21.00000,6/3/2002,6/26/2002,Summer SEAMAP Groundfish Survey,0.00000
545.00000,2002,TX,33.00000,22.00000,6/5/2002,6/18/2002,Summer SEAMAP Groundfish Survey,0.00000
546.00000,2002,TX,69.00000,22.00000,6/5/2002,6/26/2002,Summer SEAMAP Groundfish Survey,0.00000
547.00000,2002,MS,17.00000,22.00000,6/7/2002,7/5/2002,Summer SEAMAP Groundfish Survey,0.00000
548.00000,2002,TX,67.00000,22.00000,6/12/2002,6/17/2002,Summer SEAMAP Groundfish Survey,0.00000
549.00000,2002,US,4.00000,250.00000,6/12/2002,7/17/2002,Summer SEAMAP Groundfish Survey,0.00000
550.00000,2002,LA,35.00000,21.00000,7/9/2002,7/12/2002,Summer SEAMAP Groundfish Survey,0.00000
551.00000,2002,US,63.00000,25.00000,8/30/2002,9/20/2002,Fall SEAMAP Plankton Survey,0.00000
552.00000,2002,LA,35.00000,22.00000,9/16/2002,9/19/2002,Fall SEAMAP Groundfish Survey,0.00000
553.00000,2002,AL,23.00000,22.00000,9/17/2002,9/17/2002,Fall SEAMAP Plankton Survey,0.00000
554.00000,2002,MS,17.00000,23.00000,10/10/2002,10/11/2002,Fall SEAMAP Plankton Survey,0.00000
555.00000,2002,AL,66.00000,24.00000,10/11/2002,1/31/2003,SEAMAP Trap Video Survey,0.00000
556.00000,2002,US,4.00000,252.00000,10/12/2002,11/17/2002,Fall SEAMAP Groundfish Survey,0.00000
557.00000,2002,MS,17.00000,24.00000,10/18/2002,10/20/2002,Fall SEAMAP Groundfish Survey,0.00000
558.00000,2002,AL,23.00000,23.00000,10/22/2002,10/22/2002,Fall SEAMAP Groundfish Survey,0.00000
559.00000,2002,TX,67.00000,23.00000,11/5/2002,11/17/2002,Fall SEAMAP Groundfish Survey,0.00000
560.00000,2002,TX,69.00000,23.00000,11/6/2002,11/6/2002,Fall SEAMAP Groundfish Survey,0.00000
561.00000,2002,TX,32.00000,23.00000,11/7/2002,11/21/2002,Fall SEAMAP Groundfish Survey,0.00000
562.00000,2002,TX,33.00000,23.00000,11/8/2002,11/19/2002,Fall SEAMAP Groundfish Survey,0.00000
563.00000,2002,TX,65.00000,23.00000,11/19/2002,11/19/2002,Fall SEAMAP Groundfish Survey,0.00000
564.00000,2002,LA,17.00000,25.00000,12/2/2002,12/4/2002,Winter SEAMAP Trawl Survey,0.00000
565.00000,2003,US,4.00000,253.00000,5/13/2003,5/31/2003,Spring SEAMAP Plankton Survey,0.00000
566.00000,2003,MS,17.00000,31.00000,5/13/2003,5/16/2003,Spring SEAMAP Plankton Survey,0.00000
567.00000,2003,TX,67.00000,32.00000,6/2/2003,6/16/2003,Summer SEAMAP Groundfish Survey,0.00000
568.00000,2003,TX,32.00000,32.00000,6/2/2003,6/16/2003,Summer SEAMAP Groundfish Survey,0.00000
569.00000,2003,TX,31.00000,32.00000,6/2/2003,6/17/2003,Summer SEAMAP Groundfish Survey,0.00000
570.00000,2003,TX,69.00000,32.00000,6/3/2003,6/24/2003,Summer SEAMAP Groundfish Survey,0.00000
571.00000,2003,TX,33.00000,32.00000,6/4/2003,6/18/2003,Summer SEAMAP Groundfish Survey,0.00000
572.00000,2003,AL,23.00000,31.00000,6/10/2003,7/2/2003,Summer SEAMAP Groundfish Survey,0.00000
573.00000,2003,US,4.00000,254.00000,6/11/2003,7/17/2003,Summer SEAMAP Groundfish Survey,0.00000
574.00000,2003,MS,17.00000,32.00000,7/3/2003,7/6/2003,Summer SEAMAP Groundfish Survey,0.00000
575.00000,2003,LA,35.00000,31.00000,7/8/2003,7/11/2003,Summer SEAMAP Groundfish Survey,0.00000
576.00000,2003,US,55.00000,37.00000,7/24/2003,7/28/2003,Summer SEAMAP Groundfish Survey,0.00000
577.00000,2003,US,63.00000,33.00000,8/29/2003,9/28/2003,Fall SEAMAP Plankton Survey,0.00000
578.00000,2003,AL,23.00000,32.00000,9/9/2003,9/9/2003,Fall SEAMAP Plankton Survey,0.00000
579.00000,2003,LA,35.00000,32.00000,9/29/2003,10/1/2003,Fall SEAMAP Groundfish Survey,0.00000
580.00000,2003,MS,17.00000,33.00000,10/9/2003,10/14/2003,Fall SEAMAP Groundfish Survey,0.00000
581.00000,2003,US,4.00000,256.00000,10/11/2003,11/18/2003,Fall SEAMAP Groundfish Survey,0.00000
582.00000,2003,AL,23.00000,33.00000,10/21/2003,11/11/2003,Fall SEAMAP Groundfish Survey,0.00000
583.00000,2003,TX,31.00000,33.00000,11/3/2003,11/25/2003,Fall SEAMAP Groundfish Survey,0.00000
584.00000,2003,TX,32.00000,33.00000,11/4/2003,11/20/2003,Fall SEAMAP Groundfish Survey,0.00000
585.00000,2003,TX,40.00000,33.00000,11/4/2003,11/20/2003,Fall SEAMAP Groundfish Survey,0.00000
586.00000,2003,TX,67.00000,33.00000,11/5/2003,11/20/2003,Fall SEAMAP Groundfish Survey,0.00000
587.00000,2003,TX,69.00000,33.00000,11/10/2003,11/19/2003,Fall SEAMAP Groundfish Survey,0.00000
588.00000,2003,LA,35.00000,33.00000,12/16/2003,12/19/2003,Winter SEAMAP Trawl Survey,0.00000
589.00000,2004,MS,17.00000,41.00000,1/14/2004,1/15/2004,Winter SEAMAP Plankton Survey,0.00000
590.00000,2004,US,63.00000,42.00000,4/15/2004,6/10/2004,Spring SEAMAP Plankton Survey,0.00000
591.00000,2004,US,4.00000,258.00000,5/13/2004,5/30/2004,Spring SEAMAP Plankton Survey,0.00000
592.00000,2004,TX,31.00000,42.00000,6/2/2004,6/16/2004,Summer SEAMAP Groundfish Survey,0.00000
593.00000,2004,TX,69.00000,42.00000,6/2/2004,6/29/2004,Summer SEAMAP Groundfish Survey,0.00000
594.00000,2004,AL,23.00000,41.00000,6/3/2004,6/3/2004,Summer SEAMAP Groundfish Survey,0.00000
595.00000,2004,TX,32.00000,42.00000,6/4/2004,6/16/2004,Summer SEAMAP Groundfish Survey,0.00000
596.00000,2004,TX,40.00000,42.00000,6/4/2004,6/21/2004,Summer SEAMAP Groundfish Survey,0.00000
597.00000,2004,US,4.00000,259.00000,6/9/2004,7/16/2004,Summer SEAMAP Groundfish Survey,0.00000
598.00000,2004,MS,17.00000,43.00000,6/11/2004,7/12/2004,Summer SEAMAP Groundfish Survey,0.00000
599.00000,2004,TX,67.00000,42.00000,6/14/2004,6/21/2004,Summer SEAMAP Groundfish Survey,0.00000
600.00000,2004,LA,35.00000,41.00000,7/12/2004,7/15/2004,Summer SEAMAP Groundfish Survey,0.00000
601.00000,2004,US,63.00000,44.00000,9/3/2004,9/29/2004,Fall SEAMAP Plankton Survey,0.00000
602.00000,2004,LA,17.00000,44.00000,9/25/2004,9/25/2004,Fall SEAMAP Plankton Survey,0.00000
603.00000,2004,US,4.00000,261.00000,10/15/2004,11/18/2004,Fall SEAMAP Groundfish Survey,0.00000
604.00000,2004,MS,17.00000,45.00000,10/16/2004,10/19/2004,Summer SEAMAP Groundfish Survey,0.00000
605.00000,2004,LA,35.00000,42.00000,10/18/2004,10/21/2004,Fall SEAMAP Groundfish Survey,0.00000
606.00000,2004,AL,23.00000,42.00000,10/21/2004,10/21/2004,Fall SEAMAP Groundfish Survey,0.00000
607.00000,2004,TX,69.00000,43.00000,11/3/2004,11/29/2004,Fall SEAMAP Groundfish Survey,0.00000
608.00000,2004,TX,32.00000,43.00000,11/4/2004,11/22/2004,Fall SEAMAP Groundfish Survey,0.00000
609.00000,2004,TX,67.00000,43.00000,11/4/2004,11/18/2004,Fall SEAMAP Groundfish Survey,0.00000
610.00000,2004,TX,40.00000,43.00000,11/7/2004,12/12/2004,Fall SEAMAP Groundfish Survey,0.00000
611.00000,2004,TX,31.00000,43.00000,11/10/2004,11/26/2004,Fall SEAMAP Groundfish Survey,0.00000
612.00000,2004,LA,35.00000,43.00000,12/6/2004,12/9/2004,Winter SEAMAP Trawl Survey,0.00000
613.00000,2005,MS,17.00000,51.00000,5/11/2005,5/13/2005,Spring SEAMAP Plankton Survey,0.00000
614.00000,2005,TX,40.00000,52.00000,6/1/2005,6/16/2005,Summer SEAMAP Groundfish Survey,0.00000
615.00000,2005,AL,23.00000,51.00000,6/2/2005,6/7/2005,Summer SEAMAP Groundfish Survey,0.00000
616.00000,2005,TX,32.00000,52.00000,6/2/2005,6/23/2005,Summer SEAMAP Groundfish Survey,0.00000
617.00000,2005,TX,69.00000,52.00000,6/7/2005,6/7/2005,Summer SEAMAP Groundfish Survey,0.00000
618.00000,2005,TX,31.00000,52.00000,6/13/2005,6/16/2005,Summer SEAMAP Groundfish Survey,0.00000
619.00000,2005,US,4.00000,265.00000,6/15/2005,8/1/2005,Summer SEAMAP Groundfish Survey,0.00000
620.00000,2005,MS,17.00000,52.00000,6/24/2005,7/4/2005,Summer SEAMAP Groundfish Survey,0.00000
621.00000,2005,TX,65.00000,52.00000,6/28/2005,6/28/2005,Summer SEAMAP Groundfish Survey,0.00000
622.00000,2005,TX,67.00000,52.00000,7/5/2005,7/5/2005,Summer SEAMAP Groundfish Survey,0.00000
623.00000,2005,LA,35.00000,51.00000,7/7/2005,7/9/2005,Summer SEAMAP Groundfish Survey,0.00000
625.00000,2005,LA,35.00000,52.00000,10/10/2005,10/13/2005,Fall SEAMAP Groundfish Survey,0.00000
626.00000,2005,US,63.00000,55.00000,10/11/2005,11/15/2005,Fall SEAMAP Groundfish Survey,0.00000
627.00000,2006,LA,35.00000,61.00000,6/20/2006,6/23/2006,Summer SEAMAP Groundfish Survey,0.00000
628.00000,2005,AL,23.00000,52.00000,10/19/2005,10/19/2005,Fall SEAMAP Groundfish Survey,0.00000
629.00000,2005,TX,32.00000,53.00000,11/2/2005,11/21/2005,Fall SEAMAP Groundfish Survey,0.00000
630.00000,2005,TX,67.00000,53.00000,11/2/2005,11/21/2005,Fall SEAMAP Groundfish Survey,0.00000
631.00000,2005,TX,40.00000,53.00000,11/3/2005,11/20/2005,Fall SEAMAP Groundfish Survey,0.00000
632.00000,2005,US,4.00000,267.00000,11/6/2005,11/16/2005,Fall SEAMAP Groundfish Suvey,0.00000
633.00000,2005,TX,31.00000,53.00000,11/9/2005,11/22/2005,Fall SEAMAP Groundfish Survey,0.00000
634.00000,2005,TX,69.00000,53.00000,11/13/2005,11/29/2005,Fall SEAMAP Groundfish Survey,0.00000
635.00000,2006,US,63.00000,62.00000,4/23/2006,5/29/2006,Spring SEAMAP Plankton Survey,0.00000
636.00000,2006,AL,23.00000,61.00000,6/1/2006,6/15/2006,Summer SEAMAP Groundfish Survey,0.00000
637.00000,2006,TX,65.00000,62.00000,6/3/2006,6/23/2006,Summer SEAMAP Groundfish Survey,0.00000
638.00000,2006,TX,69.00000,62.00000,6/5/2006,6/27/2006,Summer SEAMAP Groundfish Survey,0.00000
639.00000,2006,TX,40.00000,62.00000,6/5/2006,6/23/2006,Summer SEAMAP Groundfish Survey,0.00000
640.00000,2006,TX,32.00000,62.00000,6/5/2006,6/26/2006,Summer SEAMAP Groundfish Survey,0.00000
641.00000,2006,TX,67.00000,62.00000,6/5/2006,6/26/2006,Summer SEAMAP Groundfish Survey,0.00000
642.00000,2006,MS,17.00000,61.00000,6/6/2006,7/5/2006,Summer SEAMAP Groundfish Survey,0.00000
643.00000,2006,US,4.00000,271.00000,6/14/2006,7/16/2006,Summer SEAMAP Groundfish Survey,0.00000
644.00000,2006,US,63.00000,64.00000,8/31/2006,9/27/2006,Fall SEAMAP Plankton Survey,0.00000
645.00000,2006,AL,23.00000,62.00000,9/5/2006,9/5/2006,Fall SEAMAP Plankton Survey,0.00000
646.00000,2006,MS,17.00000,62.00000,10/5/2006,10/8/2006,Fall SEAMAP Groundfish Survey,0.00000
647.00000,2006,US,63.00000,65.00000,10/13/2006,11/19/2006,Fall SEAMAP Groundfish Survey,0.00000
648.00000,2006,US,4.00000,273.00000,10/15/2006,11/20/2006,Fall SEAMAP Groundfish Survey,0.00000
649.00000,2006,AL,23.00000,63.00000,10/25/2006,11/9/2006,Fall SEAMAP Groundfish Survey,0.00000
650.00000,2006,TX,40.00000,63.00000,11/1/2006,11/17/2006,Fall SEAMAP Groundfish Survey,0.00000
651.00000,2006,TX,65.00000,63.00000,11/1/2006,11/17/2006,Fall SEAMAP Groundfish Survey,0.00000
652.00000,2006,TX,32.00000,63.00000,11/1/2006,11/20/2006,Fall SEAMAP Groundfish Survey,0.00000
653.00000,2006,TX,69.00000,63.00000,11/1/2006,11/27/2006,Fall SEAMAP Groundfish Survey,0.00000
654.00000,2006,LA,35.00000,62.00000,12/12/2006,12/15/2006,Winter SEAMAP Trawl Survey,0.00000
655.00000,2007,US,63.00000,72.00000,3/18/2007,3/28/2007,Spring SEAMAP Plankton Survey,0.00000
656.00000,2007,US,63.00000,73.00000,4/17/2007,5/29/2007,Spring SEAMAP Plankton Survey,0.00000
657.00000,2007,AL,23.00000,71.00000,6/4/2007,6/27/2007,Summer SEAMAP Groundfish Survey,0.00000
658.00000,2007,MS,17.00000,71.00000,6/5/2007,6/9/2007,Spring SEAMAP Plankton Survey,0.00000
659.00000,2007,US,4.00000,276.00000,6/7/2007,8/3/2007,Summer SEAMAP Groundfish Survey,0.00000
660.00000,2007,MS,17.00000,72.00000,6/12/2007,7/8/2007,Summer SEAMAP Groundfish Survey,0.00000
661.00000,2007,LA,35.00000,71.00000,6/26/2007,6/29/2007,Summer SEAMAP Groundfish Survey,0.00000
662.00000,2007,US,63.00000,75.00000,8/29/2007,9/28/2007,Fall SEAMAP Plankton Survey,0.00000
663.00000,2007,MS,17.00000,73.00000,9/28/2007,9/29/2007,SEAMAP Fall Plankton Survey,0.00000
664.00000,2007,LA,35.00000,72.00000,10/8/2007,10/11/2007,Fall SEAMAP Groundfish Survey,0.00000
666.00000,2007,US,4.00000,278.00000,10/15/2007,11/11/2007,Fall SEAMAP Groundfish Survey,0.00000
667.00000,2007,LA,35.00000,73.00000,12/4/2007,12/7/2007,Winter SEAMAP Trawl Survey,0.00000
668.00000,2008,LA,35.00000,81.00000,4/1/2008,4/4/2008,Spring SEAMAP Trawl Survey,0.00000
669.00000,2008,LA,35.00000,82.00000,6/23/2008,6/26/2008,Summer SEAMAP Groundfish Survey,0.00000
670.00000,2008,LA,35.00000,84.00000,9/23/2008,9/26/2008,Fall SEAMAP Groundfish Survey,0.00000
673.00000,2007,TX,32.00000,72.00000,6/4/2007,6/20/2007,Summer SEAMAP Groundfish Survey,0.00000
674.00000,2007,TX,32.00000,73.00000,11/1/2007,11/19/2007,Fall SEAMAP Groundfish Survey,0.00000
675.00000,2007,TX,40.00000,72.00000,6/5/2007,6/21/2007,Summer SEAMAP Groundfish Survey,0.00000
676.00000,2007,TX,67.00000,72.00000,6/4/2007,6/21/2007,Summer SEAMAP Groundfish Survey,0.00000
677.00000,2007,TX,31.00000,72.00000,6/5/2007,6/23/2007,Summer SEAMAP Groundfish Survey,0.00000
678.00000,2007,TX,69.00000,72.00000,6/5/2007,6/21/2007,Summer SEAMAP Groundfish Survey,0.00000
679.00000,2007,TX,40.00000,73.00000,11/1/2007,11/28/2007,Fall SEAMAP Groundfish Survey,0.00000
680.00000,2007,TX,67.00000,73.00000,11/1/2007,11/19/2007,Fall SEAMAP Groundfish Survey,0.00000
681.00000,2007,TX,31.00000,73.00000,11/2/2007,11/19/2007,Fall SEAMAP Groundfish Survey,0.00000
682.00000,2007,TX,69.00000,73.00000,11/8/2007,11/27/2007,Fall SEAMAP Groundfish Survey,0.00000
701.00000,2008,MS,17.00000,82.00000,5/31/2008,6/3/2008,Summer SEAMAP Groundfish Survey,0.00000
702.00000,2007,MS,17.00000,74.00000,10/10/2007,10/13/2007,Fall SEAMAP Groundfish Survey,0.00000
703.00000,2008,AL,23.00000,81.00000,6/2/2008,6/16/2008,Summer SEAMAP Groundfish Survey,0.00000
704.00000,2008,AL,23.00000,82.00000,9/17/2008,9/17/2008,Fall SEAMAP Plankton Survey,0.00000
705.00000,2008,AL,23.00000,83.00000,11/7/2008,11/17/2008,Fall SEAMAP Groundfish Survey,0.00000
706.00000,2008,FL,17.00000,83.00000,8/1/2008,8/10/2008,Summer SEAMAP Groundfish Survey,0.00000
707.00000,2007,AL,23.00000,72.00000,9/12/2007,9/12/2007,Fall SEAMAP Plankton Survey,0.00000
708.00000,2007,AL,23.00000,73.00000,10/9/2007,11/6/2007,Fall SEAMAP Groundfish Survey,0.00000
709.00000,2008,MS,17.00000,81.00000,5/20/2008,5/21/2008,Spring SEAMAP Plankton Survey,0.00000
710.00000,2008,MS,17.00000,84.00000,9/27/2008,9/29/2008,Fall SEAMAP Plankton Survey,0.00000
711.00000,2008,MS,17.00000,87.00000,11/19/2008,11/19/2008,Fall SEAMAP Groundfish Survey,0.00000
712.00000,2008,US,63.00000,82.00000,4/20/2008,5/30/2008,Spring SEAMAP Plankton Survey,0.00000
713.00000,2003,US,72.00000,31.00000,10/22/2003,11/23/2003,SEAMAP Trap Video Survey,0.00000
714.00000,2009,LA,35.00000,91.00000,1/26/2009,1/29/2009,Winter SEAMAP Groundfish Survey,0.00000
715.00000,2009,MS,17.00000,91.00000,3/3/2009,3/5/2009,Winter SEAMAP Plankton Survey,0.00000
716.00000,2008,US,4.00000,282.00000,6/11/2008,7/16/2008,Summer SEAMAP Groundfish Survey,0.00000
717.00000,2009,AL,23.00000,91.00000,1/21/2009,1/21/2009,Winter SEAMAP Groundfish Survey,0.00000
718.00000,2008,TX,32.00000,82.00000,6/2/2008,6/16/2008,Summer SEAMAP Groundfish Survey,0.00000
719.00000,2008,TX,32.00000,83.00000,11/3/2008,11/20/2008,Fall SEAMAP Groundfish Survey,0.00000
720.00000,2008,TX,40.00000,82.00000,6/11/2008,6/17/2008,Summer SEAMAP Groundfish Survey,0.00000
721.00000,2008,TX,67.00000,82.00000,6/9/2008,6/16/2008,Summer SEAMAP Groundfish Survey,0.00000
722.00000,2008,TX,31.00000,82.00000,6/11/2008,6/23/2008,Summer SEAMAP Groundfish Survey,0.00000
723.00000,2008,TX,69.00000,82.00000,6/2/2008,6/24/2008,Summer SEAMAP Groundfish Survey,0.00000
724.00000,2008,TX,40.00000,83.00000,11/13/2008,11/17/2008,Fall SEAMAP Groundfish Survey,0.00000
725.00000,2008,TX,67.00000,83.00000,11/8/2008,11/17/2008,Fall SEAMAP Groundfish Survey,0.00000
726.00000,2008,TX,31.00000,83.00000,11/3/2008,11/18/2008,Fall SEAMAP Groundfish Survey,0.00000
727.00000,2008,TX,69.00000,83.00000,11/8/2008,11/19/2008,Fall SEAMAP Groundfish Survey,0.00000
728.00000,2004,US,55.00000,41.00000,2/22/2004,3/14/2004,SEAMAP Trap Video Survey,0.00000
729.00000,2009,LA,35.00000,92.00000,3/15/2009,3/18/2009,Spring SEAMAP Groundfish Survey,0.00000
730.00000,2009,AL,23.00000,92.00000,6/8/2009,6/11/2009,Summer SEAMAP Groundfish Survey,0.00000
732.00000,2005,US,72.00000,54.00000,10/18/2005,10/27/2005,SEAMAP Trap Video Survey,0.00000
733.00000,2005,US,72.00000,52.00000,5/23/2005,7/29/2005,SEAMAP Trap Video Survey,0.00000
734.00000,2005,US,4.00000,264.00000,4/20/2005,5/11/2005,SEAMAP Trap Video Survey,0.00000
735.00000,2005,US,55.00000,53.00000,2/16/2005,3/25/2005,SEAMAP Trap Video Survey,0.00000
736.00000,2009,LA,35.00000,93.00000,6/16/2009,6/19/2009,Summer SEAMAP Groundfish Survey,0.00000
737.00000,2009,TX,69.00000,91.00000,2/12/2009,2/23/2009,Winter SEAMAP Groundfish Survey,0.00000
738.00000,2009,TX,67.00000,91.00000,2/3/2009,2/23/2009,Winter SEAMAP Groundfish Survey,0.00000
739.00000,2009,TX,40.00000,91.00000,2/3/2009,2/24/2009,Winter SEAMAP Groundfish Survey,0.00000
740.00000,2009,TX,32.00000,91.00000,2/3/2009,2/23/2009,Winter SEAMAP Groundfish Survey,0.00000
741.00000,2009,TX,31.00000,91.00000,2/12/2009,2/23/2009,Winter SEAMAP Groundfish Survey,0.00000
742.00000,2006,US,4.00000,270.00000,4/16/2006,5/9/2006,Reef Fish Survey,0.00000
743.00000,2006,US,72.00000,63.00000,5/25/2006,7/7/2006,Reef Fish Survey,0.00000
744.00000,2006,US,72.00000,65.00000,7/27/2006,8/11/2006,Reef Fish Survey,0.00000
745.00000,2006,US,55.00000,61.00000,2/17/2006,3/28/2006,Reef Fish Survey,0.00000
746.00000,2007,US,4.00000,275.00000,4/22/2007,5/30/2007,SEAMAP Trap Video Survey,0.00000
747.00000,2007,US,55.00000,72.00000,2/6/2007,3/9/2007,SEAMAP Trap Video Survey,0.00000
748.00000,2009,FL,17.00000,94.00000,7/10/2009,7/30/2009,Summer SEAMAP Groundfish Survey,1.00000
749.00000,2009,LA,35.00000,94.00000,9/22/2009,9/25/2009,Fall SEAMAP Groundfish Survey,0.00000
750.00000,2009,AL,23.00000,94.00000,10/28/2009,10/28/2009,Fall SEAMAP Groundfish Survey,0.00000
751.00000,2009,MS,17.00000,93.00000,6/2/2009,7/1/2009,Summer SEAMAP Groundfish Survey,0.00000
752.00000,2009,TX,31.00000,92.00000,6/3/2009,6/24/2009,Summer SEAMAP Groundfish Survey,0.00000
753.00000,2009,TX,32.00000,92.00000,6/3/2009,6/24/2009,Summer SEAMAP Groundfish Survey,0.00000
754.00000,2009,TX,40.00000,92.00000,6/1/2009,6/23/2009,Summer SEAMAP Groundfish Survey,0.00000
755.00000,2009,TX,67.00000,92.00000,6/1/2009,6/24/2009,Summer SEAMAP Groundfish Survey,0.00000
756.00000,2009,TX,69.00000,92.00000,6/15/2009,6/23/2009,Summer SEAMAP Groundfish Survey,0.00000
757.00000,2009,TX,31.00000,93.00000,11/2/2009,11/18/2009,Fall SEAMAP Groundfish Survey,0.00000
758.00000,2009,TX,32.00000,93.00000,11/2/2009,11/18/2009,Fall SEAMAP Groundfish Survey,0.00000
759.00000,2009,TX,40.00000,93.00000,11/2/2009,11/18/2009,Fall SEAMAP Groundfish Survey,0.00000
760.00000,2009,TX,67.00000,93.00000,11/2/2009,11/17/2009,Fall SEAMAP Groundfish Survey,0.00000
761.00000,2009,TX,69.00000,93.00000,11/4/2009,11/17/2009,Fall SEAMAP Groundfish Survey,0.00000
762.00000,2009,FL,17.00000,97.00000,10/9/2009,10/28/2009,Fall SEAMAP Groundfish Survey,1.00000
763.00000,2008,US,4.00000,284.00000,10/10/2008,11/18/2008,Fall SEAMAP Groundfish Survey,0.00000
764.00000,2008,FL,17.00000,86.00000,10/15/2008,10/22/2008,Fall SEAMAP Groundfish Survey,1.00000
765.00000,2010,FL,17.00000,102.00000,6/25/2010,7/16/2010,Summer SEAMAP Groundfish Survey,1.00000
766.00000,2009,US,63.00000,94.00000,8/26/2009,9/28/2009,Fall SEAMAP Plankton Survey,0.00000
767.00000,2009,US,63.00000,91.00000,2/5/2009,3/14/2009,Winter SEAMAP Plankton Survey,0.00000
768.00000,2009,MS,17.00000,96.00000,10/2/2009,10/5/2009,Fall SEAMAP Groundfish Survey,0.00000
769.00000,2010,MS,17.00000,101.00000,5/31/2010,8/26/2010,Summer SEAMAP Groundfish Survey,0.00000
770.00000,2009,US,4.00000,287.00000,6/8/2009,7/17/2009,Summer SEAMAP Groundfish Survey,0.00000
771.00000,2009,US,63.00000,92.00000,4/3/2009,6/1/2009,Spring SEAMAP Plankton Survey,0.00000
772.00000,2010,MS,17.00000,105.00000,9/17/2010,9/20/2010,Fall SEAMAP Plankton Survey,0.00000
773.00000,2010,MS,17.00000,106.00000,10/6/2010,10/8/2010,Fall SEAMAP Groundfish Survey,0.00000
774.00000,2009,US,4.00000,289.00000,10/10/2009,11/20/2009,Fall SEAMAP Groundfish Survey,0.00000
778.00000,2010,AL,77.00000,101.00000,2/20/2010,2/20/2010,Winter SEAMAP Groundfish Survey,0.00000
780.00000,2010,AL,77.00000,102.00000,6/2/2010,6/8/2010,Summer SEAMAP Groundfish Survey,0.00000
781.00000,2010,AL,77.00000,104.00000,10/17/2010,10/18/2010,Fall SEAMAP Groundfish Survey,0.00000
782.00000,2010,LA,35.00000,101.00000,2/25/2010,2/28/2010,Winter SEAMAP Groundfish Survey,0.00000
783.00000,2008,US,4.00000,281.00000,4/13/2008,5/21/2008,Reef Fish Survey,0.00000
784.00000,2008,US,55.00000,81.00000,2/2/2008,3/12/2008,Reef Fish Survey,0.00000
785.00000,2008,US,72.00000,82.00000,6/12/2008,8/10/2008,Reef Fish Survey,0.00000
786.00000,2008,US,63.00000,84.00000,9/5/2008,9/30/2008,Fall SEAMAP Plankton Survey,0.00000
787.00000,2008,US,4.00000,280.00000,2/7/2008,3/15/2008,Winter SEAMAP Plankton Survey,0.00000
788.00000,2010,TX,31.00000,101.00000,2/14/2010,2/17/2010,Winter SEAMAP Groundfish Survey,0.00000
789.00000,2010,TX,32.00000,101.00000,2/5/2010,2/16/2010,Winter SEAMAP Groundfish Survey,0.00000
790.00000,2010,TX,40.00000,101.00000,2/1/2010,2/17/2010,Winter SEAMAP Groundfish Survey,0.00000
791.00000,2010,TX,67.00000,101.00000,2/5/2010,2/16/2010,Winter SEAMAP Groundfish Survey,0.00000
792.00000,2010,TX,69.00000,101.00000,2/1/2010,2/17/2010,Winter SEAMAP Groundfish Survey,0.00000
793.00000,2010,TX,31.00000,102.00000,6/7/2010,6/21/2010,Summer SEAMAP Groundfish Survey,0.00000
794.00000,2010,TX,32.00000,102.00000,6/1/2010,6/16/2010,Summer SEAMAP Groundfish Survey,0.00000
795.00000,2010,TX,40.00000,102.00000,6/2/2010,6/17/2010,Summer SEAMAP Groundfish Survey,0.00000
796.00000,2010,TX,67.00000,102.00000,6/1/2010,6/21/2010,Summer SEAMAP Groundfish Survey,0.00000
797.00000,2010,TX,69.00000,102.00000,6/3/2010,6/21/2010,Summer SEAMAP Groundfish Survey,0.00000
798.00000,2011,AL,77.00000,111.00000,2/15/2011,2/15/2011,Winter SEAMAP Groundfish Survey,0.00000
799.00000,2010,LA,35.00000,102.00000,4/16/2010,4/19/2010,Spring SEAMAP Groundfish Survey,0.00000
800.00000,2010,LA,35.00000,103.00000,6/8/2010,6/11/2010,Summer SEAMAP Groundfish Survey,0.00000
801.00000,2010,LA,35.00000,104.00000,9/22/2010,9/24/2010,Fall SEAMAP Groundfish Survey,0.00000
802.00000,2009,MS,17.00000,95.00000,9/16/2009,9/17/2009,Fall SEAMAP Plankton Survey,0.00000
803.00000,2011,AL,77.00000,112.00000,6/15/2011,6/15/2011,Summer SEAMAP Groundfish Survey,0.00000
804.00000,2011,TX,31.00000,111.00000,2/12/2011,2/23/2011,Winter SEAMAP Groundfish Survey,0.00000
805.00000,2011,TX,32.00000,111.00000,2/8/2011,2/17/2011,Winter SEAMAP Groundfish Survey,0.00000
806.00000,2011,TX,40.00000,111.00000,2/11/2011,2/19/2011,Winter SEAMAP Groundfish Survey,0.00000
807.00000,2011,TX,67.00000,111.00000,2/8/2011,2/16/2011,Winter SEAMAP Groundfish Survey,1.00000
808.00000,2011,TX,69.00000,111.00000,2/12/2011,2/23/2011,Winter SEAMAP Groundfish Survey,1.00000
809.00000,2009,US,72.00000,95.00000,6/11/2009,8/1/2009,Reef Fish Survey,0.00000
810.00000,2009,US,4.00000,286.00000,4/15/2009,5/28/2009,Reef Fish Survey,0.00000
811.00000,2011,LA,35.00000,111.00000,6/20/2011,6/23/2011,Summer SEAMAP Groundfish Survey,
812.00000,2011,MS,17.00000,115.00000,10/21/2011,10/25/2011,Fall SEAMAP Groundfish Survey,0.00000
813.00000,2011,MS,17.00000,112.00000,6/3/2011,6/5/2011,Summer SEAMAP Groundfish Survey,0.00000
814.00000,2010,FL,17.00000,107.00000,10/14/2010,10/22/2010,Fall SEAMAP Groundfish Survey,0.00000
815.00000,2010,US,4.00000,290.00000,6/26/2010,8/2/2010,Summer SEAMAP Groundfish Survey,0.00000
816.00000,2010,US,4.00000,292.00000,10/9/2010,11/18/2010,Fall SEAMAP Groundfish Survey,0.00000
817.00000,2011,US,4.00000,295.00000,6/7/2011,7/17/2011,Summer SEAMAP Groundfish Survey,0.00000
818.00000,2011,AL,77.00000,114.00000,11/1/2011,11/12/2011,Fall SEAMAP Groundfish Survey,0.00000
819.00000,2011,US,4.00000,297.00000,10/10/2011,11/6/2011,Fall SEAMAP Groundfish Survey,0.00000
