VESSELID,NAME
1.00000,OREGON
2.00000,SILVER BAY
3.00000,GEORGE M. BOWERS
4.00000,OREGON II
5.00000,COMBAT
6.00000,PELICAN
7.00000,FRIGATA
8.00000,KINGFISHER
9.00000,HERNAN CORTEZ
10.00000,GERONIMO
11.00000,UNDAUNTED
12.00000,ANTILLAS
13.00000,CALAMAR
14.00000,ALCYON
15.00000,GULF RANGER
16.00000,WESTERN GULF
17.00000,TOMMY MUNRO
18.00000,TANYA & JOE
19.00000,ONJUKO
20.00000,JEFF & TINA
21.00000,DELEWARE II
22.00000,OSV ANTELOPE
23.00000,ALABAMA INSHORE VESSELS
24.00000,FLORENCE MAY
25.00000,LOUISIANA INSHORE VESSELS
26.00000,SUNCOASTER
27.00000,MISSISSIPPI INSHORE VESSELS
28.00000,CHAPMAN
29.00000,NISSING MARU #201
30.00000,R/V BELLOWS
31.00000,R.J.KEMP
32.00000,MATAGORDA BAY
33.00000,LAGUNA MADRE
34.00000,GALVESTON BAY
35.00000,LUMCON PELICAN
36.00000,HERNAN CORTEZ II
37.00000,OLD COLONY
38.00000,SEAWOLF
39.00000,ATLANTIC HARVESTER
40.00000,SABINE
41.00000,PERSISTANCE
42.00000,CAPTAIN GRUMPY
43.00000,GULF STREAM
44.00000,KELCY ANN
45.00000,MR.JUG
46.00000,CALANUS
47.00000,A.NEEDLER
48.00000,B.I.P
49.00000,ALBATROSS IV
50.00000,MOLLY M.
51.00000,LADY LISA
52.00000,MISS CARRIE
53.00000,CSS HUDSON
54.00000,CORAL SEA
55.00000,CARETTA
56.00000,R/V ABREU
57.00000,R/V GUAYANILLA
58.00000,SEAHORSE
59.00000,LINDSAY
60.00000,TEDDY'S SCOW
61.00000,RELENTLESS
62.00000,RATFIELD VESSELS
63.00000,GORDON GUNTER
64.00000,FERREL
65.00000,TRINITY BAY
66.00000,ALABAMA 38ft BERTRAM
67.00000,NUECES BAY
68.00000,MCARTHUR
69.00000,SAN JACINTO
70.00000,R/V SARINNA
71.00000,HARVESTING SYSTEM TECH
72.00000,GANDY
73.00000,E.O.WILSON
74.00000,The MCILWAIN
75.00000,WEATHERBIRD II
76.00000,PISCES
77.00000,ALABAMA DISCOVERY
87.00000,San Antonio Bay
99.00000,OTHER VESSELS
