"","SCINAME","SVSPP","ITISSPP","COMNAME","AUTHOR"
NA,UNIDENTIFIED FISH,0,NA,UNCLASSIFIED FISH,NA
NA,MYXINE GLUTINOSA,1,159772,ATLANTIC HAGFISH,"Linnaeus, 1758"
NA,PETROMYZON MARINUS,2,159722,SEA LAMPREY,"Linnaeus, 1758"
NA,CARCHARHINUS OBSCURUS,3,160268,DUSKY SHARK,"(Lesueur, 1818)"
NA,DASYATIS CENTROURA,4,160952,ROUGHTAIL STINGRAY,"(Mitchill, 1815)"
NA,RAJIFORMES,5,160806,RAY AND SKATE UNCL,NA
NA,CETORHINUS MAXIMUS,6,159907,BASKING SHARK,"(Gunner, 1765)"
NA,CENTROSCYLLIUM FABRICII,7,160703,BLACK DOGFISH,"(Reinhardt, 1825)"
NA,ETMOPTERUS PRINCEPS,8,160659,ROUGH SAGRE,"Collett, 1904"
NA,CARCHARHINUS PLUMBEUS,9,160289,SANDBAR SHARK,"(Nardo, 1827)"
NA,SELACHIMORPHA,11,NA,SHARK UNCL,NA
NA,CARCHARIAS TAURUS,12,159888,SAND TIGER,NA
NA,MUSTELUS CANIS,13,160230,SMOOTH DOGFISH,"(Mitchill, 1815)"
NA,SCYLIORHINUS RETIFER,14,160060,CHAIN DOGFISH,"(Garman, 1881)"
NA,SQUALUS ACANTHIAS,15,160617,SPINY DOGFISH,"Linnaeus, 1758"
NA,SQUATINA DUMERIL,16,160787,ATLANTIC ANGEL SHARK,"Lesueur, 1818"
NA,PRIONACE GLAUCA,17,160424,BLUE SHARK,"(Linnaeus, 1758)"
NA,DASYATIS SAY,18,160954,BLUNTNOSE STINGRAY,"(Lesueur, 1817)"
NA,MYLIOBATIS FREMINVILLEI,19,160980,BULLNOSE RAY,"Lesueur, 1824 (syn)"
NA,RAJA ,20,160846,OCELLATE SKATES,NA
NA,TORPEDO NOBILIANA,21,160834,ATLANTIC TORPEDO,"Bonaparte, 1835"
NA,DIPTURUS LAEVIS,22,564139,BARNDOOR SKATE,"(Mitchill, 1818)"
NA,LEUCORAJA OCELLATA,23,564145,WINTER SKATE,"(Mitchill, 1815)"
NA,RAJA EGLANTERIA,24,160855,CLEARNOSE SKATE,"Bosc, 1800"
NA,LEUCORAJA GARMANI,25,564136,ROSETTE SKATE,"(Whitley, 1939)"
NA,LEUCORAJA ERINACEA,26,564130,LITTLE SKATE,"(Mitchill, 1825)"
NA,MALACORAJA SENTA,27,564151,SMOOTH SKATE,"(Garman, 1885)"
NA,AMBLYRAJA RADIATA,28,564149,THORNY SKATE,"(Donovan, 1808)"
NA,DASYATIS AMERICANA,29,160951,SOUTHERN STINGRAY,"Hildebrand and Schroeder, 1928"
NA,CLUPEIDAE,30,161700,HERRING UNCL,NA
NA,ETRUMEUS TERES,31,161743,ROUND HERRING,"(De Kay, 1842)"
NA,CLUPEA HARENGUS,32,161722,ATLANTIC HERRING,"Linnaeus, 1758"
NA,ALOSA PSEUDOHARENGUS,33,161706,ALEWIFE,"(Wilson in Rees, 1811)"
NA,ALOSA AESTIVALIS,34,161703,BLUEBACK HERRING,"(Mitchill, 1814)"
NA,ALOSA SAPIDISSIMA,35,161702,AMERICAN SHAD,"(Wilson in Rees, 1811)"
NA,BREVOORTIA TYRANNUS,36,161732,ATLANTIC MENHADEN,"(Latrobe, 1802)"
NA,ALOSA MEDIOCRIS,37,161704,HICKORY SHAD,"(Mitchill, 1814)"
NA,MALLOTUS VILLOSUS,38,162035,CAPELIN,"(Mueller, 1776)"
NA,ALEPOCEPHALIDAE ,39,162303,SLICKHEADS,NA
NA,ANCHOA MITCHILLI,43,161839,BAY ANCHOVY,"(Valenciennes in Cuvier and Valenciennes, 1848)"
NA,ANCHOA HEPSETUS,44,161838,STRIPED ANCHOVY,"(Linnaeus, 1758)"
NA,OSMERUS MORDAX,45,162041,RAINBOW SMELT,"(Mitchill, 1814)"
NA,ARGENTINA SILUS,46,162064,ATLANTIC ARGENTINE,"Ascanius, 1775"
NA,CHLOROPHTHALMIDAE,47,162427,GREENEYE UNCL,NA
NA,BENTHOSEMA GLACIALE,51,162680,GLACIER LANTERNFISH,"(Reinhardt, 1837)"
NA,LAMPANYCTUS ,52,162632,MADEIRA LANTERNFISH,NA
NA,CERATOSCOPELUS MADERENSIS,54,162578,HORNED LANTERNFISH,"(Lowe, 1839)"
NA,MYCTOPHUM PUNCTATUM,55,162723,SPOTTED LANTERNFISH,"Rafinesque, 1810"
NA,MYCTOPHIDAE,56,162575,LANTERNFISH UNCL,NA
NA,HYGOPHUM TAANINGI,57,162701,NA,"Bekker, 1965"
NA,NOTOSCOPELUS RESPLENDENS,58,162654,PATCHWORK LAMPFISH,"(Richardson, 1845)"
NA,GONICHTHYS COCCOI,59,162712,NA,"(Cocco, 1829)"
NA,ANGUILLIFORMES,60,161123,EEL UNCL,NA
NA,DIAPHUS ,61,162583,HEADLIGHTFISH UNCL,NA
NA,CONGER OCEANICUS,63,161326,CONGER EEL,"(Mitchill, 1814)"
NA,SIMENCHELYS PARASITICA ,64,161594,SNUBNOSE EEL,NA
NA,OPHICHTHUS CRUENTIFER,65,161473,MARGINED SNAKE EEL,"(Goode and Bean, 1896)"
NA,HYPORHAMPHUS UNIFASCIATUS,66,165474,SILVERSTRIPE HALFBEAK,"(Ranzani, 1842)"
NA,NEMICHTHYS SCOLOPACEUS,67,161624,SLENDER SNIPE EEL,"Richardson, 1848"
NA,ABLENNES HIANS,68,165548,FLAT NEEDLEFISH,"(Valenciennes, 1846)"
NA,MERLUCCIUS ALBIDUS,69,164793,OFFSHORE HAKE,"(Mitchill, 1818)"
NA,GADELLA IMBERBIS,70,550669,BEARDLESS CODLING,"(Vaillant, 1888)"
NA,MERLUCCIUS BILINEARIS,72,164791,SILVER HAKE,"(Mitchill, 1814)"
NA,GADUS MORHUA,73,164712,ATLANTIC COD,"Linnaeus, 1758"
NA,MELANOGRAMMUS AEGLEFINUS,74,164744,HADDOCK,"(Linnaeus, 1758)"
NA,POLLACHIUS VIRENS,75,164727,POLLOCK,"(Linnaeus, 1758)"
NA,UROPHYCIS TENUIS,76,164732,WHITE HAKE,"(Mitchill, 1814)"
NA,UROPHYCIS CHUSS,77,164730,RED HAKE,"(Walbaum, 1792)"
NA,UROPHYCIS REGIA,78,164731,SPOTTED HAKE,"(Walbaum, 1792)"
NA,UROPHYCIS CHESTERI,79,164733,LONGFIN HAKE,"(Goode and Bean, 1878)"
NA,GADIDAE,80,164701,HAKE UNCL,"Rafinesque, 1810"
NA,ANTIMORA ROSTRATA,81,164672,BLUE HAKE,"(Guenther, 1878)"
NA,PHYSICULUS FULVUS,82,550838,METALLIC CODLING,"Bean, 1885"
NA,ENCHELYOPUS CIMBRIUS,83,164748,FOURBEARD ROCKLING,"(Linnaeus, 1776)"
NA,BROSME BROSME,84,164740,CUSK,"(Ascanius, 1772)"
NA,GAIDROPSARUS ENSIS,85,164769,THREEBEARD ROCKLING,"(Reinhardt, 1837)"
NA,MERLUCCIUS ,86,164790,HAKES,NA
NA,UROPHYCIS ,87,164729,CODLINGS,NA
NA,MORIDAE,88,164670,MORA UNCL,"Moreau, 1881"
NA,MACROURIDAE,90,165332,GRENADIER UNCL,"Gilbert and Hubbs, 1916"
NA,NEZUMIA BAIRDII ,91,165395,MARLIN-SPIKE,NA
NA,MACROURUS BERGLAX,92,165421,ROUGHHEAD GRENADIER,"Lacepede, 1810"
NA,CAELORINCHUS CAELORHINCUS CARMINATUS ,93,623199,LONGNOSE GRENADIER,NA
NA,POECILOPSETTA BEANI,98,172938,DEEPWATER DAB,NA
NA,REINHARDTIUS HIPPOGLOSSOIDES,99,172930,GREENLAND HALIBUT,"(Walbaum, 1792)"
NA,PLEURONECTIFORMES,100,172702,FLOUNDER UNCL,NA
NA,HIPPOGLOSSUS HIPPOGLOSSUS,101,172933,ATLANTIC HALIBUT,"(Linnaeus, 1758)"
NA,HIPPOGLOSSOIDES PLATESSOIDES,102,172877,AMERICAN PLAICE,"(Fabricius, 1780)"
NA,PARALICHTHYS DENTATUS,103,172735,SUMMER FLOUNDER,"(Linnaeus, 1766)"
NA,PARALICHTHYS OBLONGUS,104,172739,FOURSPOT FLOUNDER,"(Mitchill, 1815)"
NA,LIMANDA FERRUGINEA ,105,172909,YELLOWTAIL FLOUNDER,NA
NA,PSEUDOPLEURONECTES AMERICANUS ,106,172905,WINTER FLOUNDER,NA
NA,GLYPTOCEPHALUS CYNOGLOSSUS,107,172873,WITCH FLOUNDER,"(Linnaeus, 1758)"
NA,SCOPHTHALMUS AQUOSUS,108,172746,WINDOWPANE,"(Mitchill, 1815)"
NA,CITHARICHTHYS ARCTIFRONS,109,172719,GULF STREAM FLOUNDER,"Goode, 1880"
NA,MONOLENE SESSILICAUDA,110,172789,DEEPWATER FLOUNDER,"Goode, 1880"
NA,MACRORHAMPHOSUS SCOLOPAX,111,166423,LONGSPINE SNIPEFISH,"(Linnaeus, 1758) (syn)"
NA,ZENOPSIS CONCHIFERA,112,166284,BUCKLER DORY,"(Lowe, 1852)"
NA,MENIDIA MENIDIA,113,165994,ATLANTIC SILVERSIDE,"(Linnaeus, 1766)"
NA,SYNAGROPS BELLUS,114,168335,BLACKMOUTH BASS,"Goode and Bean, 1896)"
NA,GASTEROSTEUS ACULEATUS,115,166365,THREESPINE STICKLEBACK,"Linnaeus, 1758"
NA,SYNGNATHUS FUSCUS,116,166451,NORTHERN PIPEFISH,"Storer, 1839"
NA,ETROPUS MICROSTOMUS,117,172730,SMALLMOUTH FLOUNDER,"(Gill, 1864)"
NA,TRINECTES MACULATUS,118,172982,HOGCHOKER,"(Bloch and Schneider, 1801)"
NA,AULOSTOMUS MACULATUS,119,166411,TRUMPETFISH,"Valenciennes, 1845"
NA,FISTULARIA TABACARIA,120,166416,BLUESPOTTED CORNETFISH,"Linnaeus, 1758"
NA,SCOMBER SCOMBRUS,121,172414,ATLANTIC MACKEREL,"Linnaeus, 1758"
NA,SARDA SARDA,123,172409,ATLANTIC BONITO,"(Bloch, 1793)"
NA,SCOMBER JAPONICUS,124,172412,CHUB MACKEREL,"Houttuyn, 1782"
NA,ACANTHOCYBIUM SOLANDRI,125,172451,WAHOO,"(Cuvier, 1831)"
NA,TRICHIURUS LEPTURUS,126,172385,ATLANTIC CUTLASSFISH,"Linnaeus, 1758"
NA,PROMETHICHTHYS PROMETHEUS,127,172374,CONEJO,"(Cuvier, 1832)"
NA,KATSUWONUS PELAMIS,128,172401,SKIPJACK TUNA,"(Linnaeus, 1758)"
NA,CARANX CRYSOS,129,168612,BLUE RUNNER,"(Mitchill, 1815)"
NA,TARACTICHTHYS LONGIPINNIS ,130,170311,BIGSCALE POMFRET,NA
NA,PEPRILUS TRIACANTHUS,131,172567,BUTTERFISH,"(Peck, 1804)"
NA,SELENE SETAPINNIS,132,168684,ATLANTIC MOONFISH,"(Mitchill, 1815)"
NA,SELENE VOMER,133,168680,LOOKDOWN,"(Linnaeus, 1758)"
NA,PRIACANTHUS ARENATUS,134,168178,BIGEYE,"Cuvier, 1829"
NA,POMATOMUS SALTATRIX,135,168559,BLUEFISH,"(Linnaeus, 1766)"
NA,MICROPOGONIAS UNDULATUS,136,169283,ATLANTIC CROAKER,"(Linnaeus, 1766)"
NA,SYNAGROPS SPINOSUS,137,168337,KEELCHEEK BASS,"Schultz, 1940"
NA,APOGONIDAE,138,168196,CARDINALFISH UNCL,NA
NA,MORONE SAXATILIS,139,167680,STRIPED BASS,"(Walbaum in Artedi, 1792)"
NA,MORONE AMERICANA,140,167678,WHITE PERCH,"(Gmelin in Linnaeus, 1789)"
NA,CENTROPRISTIS STRIATA,141,167687,BLACK SEA BASS,"(Linnaeus, 1758)"
NA,ORTHOPRISTIS CHRYSOPTERA,142,169077,PIGFISH,"(Linnaeus, 1766)"
NA,STENOTOMUS CHRYSOPS,143,169182,SCUP,"(Linnaeus, 1766)"
NA,EPIGONUS PANDIONIS,144,168297,NA,NA
NA,CYNOSCION REGALIS,145,169241,WEAKFISH,"(Bloch and Schneider, 1801)"
NA,MENTICIRRHUS SAXATILIS,146,169276,NORTHERN KINGFISH,"(Bloch and Schneider, 1801)"
NA,POGONIAS CROMIS,147,169288,BLACK DRUM,"(Linnaeus, 1766)"
NA,BAIRDIELLA CHRYSOURA,148,169259,SILVER PERCH,"(Lacepede, 1802)"
NA,LEIOSTOMUS XANTHURUS,149,169267,SPOT,"Lacepede, 1802"
NA,HOWELLA SHERBORNI ,150,168333,SHERBORN'S CARDINALFISH,NA
NA,LOPHOLATILUS CHAMAELEONTICEPS,151,168546,TILEFISH,"Goode and Bean, 1879"
NA,PONTINUS LONGISPINIS,154,166801,LONGSPINE SCORPIONFISH,"Goode and Bean, 1896"
NA,SEBASTES FASCIATUS,155,166774,ACADIAN REDFISH,"Storer, 1854"
NA,HELICOLENUS DACTYLOPTERUS,156,166787,BLACKBELLY ROSEFISH,"(Delaroche, 1809)"
NA,ANTIGONIA CAPROS,158,166311,DEEPBODY BOARFISH,"Lowe, 1843"
NA,ARTEDIELLUS ,159,167201,HOOKEAR SCULPINS,NA
NA,COTTIDAE,160,167196,SCULPIN UNCL,NA
NA,TRIGLOPS MURRAYI,161,167375,MOUSTACHE SCULPIN,"Guenther, 1888"
NA,MYOXOCEPHALUS SCORPIUS,162,167318,SHORTHORN SCULPIN,"(Linnaeus, 1758)"
NA,MYOXOCEPHALUS OCTODECEMSPINOSUS,163,167320,LONGHORN SCULPIN,"(Mitchill, 1814)"
NA,HEMITRIPTERUS AMERICANUS,164,167289,SEA RAVEN,"(Gmelin, 1789)"
NA,ASPIDOPHOROIDES MONOPTERYGIUS,165,167439,ALLIGATORFISH,"(Bloch, 1786)"
NA,MYOXOCEPHALUS AENAEUS,166,167321,GRUBBY,"(Mitchill, 1814)"
NA,LIPARIS INQUILINUS,167,167577,INQUILINE SNAILFISH,"Able, 1973"
NA,CYCLOPTERUS LUMPUS,168,167612,LUMPFISH,"Linnaeus, 1758"
NA,EUMICROTREMUS SPINOSUS,169,167545,ATLANTIC SPINY LUMPSUCKER,"(Mueller, 1777)"
NA,LIPARIS ATLANTICUS,170,167576,ATLANTIC SEASNAIL,"(Jordan and Evermann, 1898)"
NA,PRIONOTUS CAROLINUS,171,166974,NORTHERN SEAROBIN,"(Linnaeus, 1771)"
NA,PRIONOTUS EVOLANS,172,166975,STRIPED SEAROBIN,"(Linnaeus, 1766)"
NA,PERISTEDION MINIATUM,173,167010,ARMORED SEAROBIN,"Goode, 1880"
NA,TRIGLIDAE,174,166972,SEAROBIN UNCL,NA
NA,DACTYLOPTERUS VOLITANS,175,167624,FLYING GURNARD,"(Linnaeus, 1758)"
NA,TAUTOGOLABRUS ADSPERSUS,176,170481,CUNNER,"(Walbaum, 1792)"
NA,TAUTOGA ONITIS,177,170479,TAUTOG,"(Linnaeus, 1758)"
NA,ASTROSCOPUS GUTTATUS,179,171055,NORTHERN STARGAZER,"Abbott, 1861"
NA,PHOLIS GUNNELLUS,180,171645,ROCK GUNNEL,"(Linnaeus, 1758)"
NA,AMMODYTES DUBIUS,181,171674,NORTHERN SAND LANCE,"Reinhardt, 1837"
NA,LUMPENUS LUMPRETAEFORMIS,182,171588,SNAKEBLENNY,"(Walbaum, 1792)"
NA,LUMPENUS MACULATUS,183,171584,DAUBED SHANNY,"(Fries, 1837)"
NA,ULVARIA SUBBIFURCATA,184,171616,RADIATED SHANNY,"(Storer, 1839)"
NA,OPSANUS TAU,185,164423,OYSTER TOADFISH,"(Linnaeus, 1766)"
NA,OTOPHIDIUM OMOSTIGMUM,186,164859,POLKA-DOT CUSK-EEL,"(Jordan and Gilbert, 1882)"
NA,MULLUS AURATUS,187,169417,RED GOATFISH,"Jordan and Gilbert, 1882"
NA,OPHIDION MARGINATUM,188,164852,STRIPED CUSK-EEL,"(De Kay, 1842)"
NA,LYCODES RETICULATUS,189,165280,ARCTIC EELPOUT,"Reinhardt, 1835"
NA,LYCENCHELYS VERRILLI,190,165242,WOLF EELPOUT,"(Goode and Bean, 1877)"
NA,CRYPTACANTHODES MACULATUS,191,171609,WRYMOUTH,"Storer, 1839"
NA,ANARHICHAS LUPUS,192,171341,ATLANTIC WOLFFISH,"Linnaeus, 1758"
NA,MACROZOARCES AMERICANUS,193,165318,OCEAN POUT,"(Schneider, 1801)"
NA,LEPOPHIDIUM PROFUNDORUM,194,164831,FAWN CUSK-EEL,"(Gill, 1863)"
NA,LAGOCEPHALUS LAEVIGATUS,195,173285,SMOOTH PUFFER,"(Linnaeus, 1766)"
NA,SPHOEROIDES MACULATUS,196,173290,NORTHERN PUFFER,"(Bloch and Schneider, 1801)"
NA,LOPHIUS AMERICANUS,197,164499,GOOSEFISH,"Valenciennes, 1837"
NA,CHILOMYCTERUS SCHOEPFI,198,173384,STRIPED BURRFISH,"(Walbaum, 1792)"
NA,DIBRANCHUS ATLANTICUS,199,164589,ATLANTIC BATFISH,"Peters, 1875"
NA,RHINOBATOS LENTIGINOSUS,200,160815,ATLANTIC GUITARFISH,"(Garman, 1880)"
NA,MONACANTHUS HISPIDUS,201,173182,PLANEHEAD FILEFISH,"(Linnaeus, 1766)"
NA,BALISTES CAPRISCUS,202,173138,GRAY TRIGGERFISH,"Gmelin, 1789"
NA,SERIOLA DUMERILI,203,168689,GREATER AMBERJACK,"(Risso, 1810)"
NA,SERIOLA ZONATA,204,168693,BANDED RUDDERFISH,"(Mitchill, 1815)"
NA,SCOMBERESOX SAURUS,205,165612,ATLANTIC SAURY,"(Walbaum, 1792)"
NA,OGCOCEPHALUS CORNIGER,206,164584,LONGNOSE BATFISH,"Bradbury, 1980"
NA,HYPEROGLYPHE PERCIFORMIS,207,172512,BARRELFISH,"(Mitchill, 1818)"
NA,DECAPTERUS MACARELLUS,208,168724,MACKEREL SCAD,"(Cuvier, 1833)"
NA,SELAR CRUMENOPHTHALMUS,209,168677,BIGEYE SCAD,"(Bloch, 1793)"
NA,DIAPHUS DUMERILI,210,162594,HEADLIGHTFISH,"(Bleeker, 1856)"
NA,DECAPTERUS PUNCTATUS,211,168725,ROUND SCAD,"(Cuvier, 1829)"
NA,TRACHURUS LATHAMI,212,168587,ROUGH SCAD,"Nichols, 1920"
NA,ARIOMMA BONDI,213,172537,SILVER RAG,"Fowler, 1930"
NA,TYLOSURUS CROCODILUS,215,165577,HOUNDFISH,"(Peron and Lesueur, 1821)"
NA,SYMPHURUS ,221,173061,STRAIGHTMOUTH TONGUEFISHES,NA
NA,NESIARCHUS NASUTUS,227,172370,BLACK GEMFISH,"Johnson, 1862"
NA,STOMIAS BOA,228,162292,BOA DRAGONFISH,"(Risso, 1810)"
NA,MAUROLICUS WEITZMANI ,229,622356,WEITZMANS PEARLSIDES,NA
NA,CHLOROPHTHALMUS ,231,162428,NA,NA
NA,CHLOROPHTHALMUS AGASSIZI,232,162430,SHORTNOSE GREENEYE,"Bonaparte, 1840"
NA,GONOSTOMA BATHYPHILUM,233,162184,NA,NA
NA,GONOSTOMA ATLANTICUM,234,162183,NA,NA
NA,GONOSTOMA ELONGATUM,235,162185,LONGTOOTH ANGLEMOUTH,"Guenther"
NA,VINCIGUERRIA ,236,162192,NA,NA
NA,POLYMETME THAEOCORYLA ,237,622358,NA,NA
NA,BENTHODESMUS SIMONYI,239,172380,SIMONYS FROSTFISH,"(Steindachner, 1891)"
NA,CHAULIODUS SLOANI,240,162281,VIPERFISH,"Schneider"
NA,CHAULIODUS DANAE,241,162280,NA,NA
NA,PARASUDIS TRUCULENTA,242,162435,LONGNOSE GREENEYE,"Goode Bean"
NA,XENODERMICHTHYS COPEI,243,162340,BLUNTNOSE SMOOTHHEAD,NA
NA,VINCIGUERRIA ATTENUATA,244,162193,SLENDER LIGHTFISH,NA
NA,PARALEPIS COREGONOIDES,245,162493,NA,"Risso, 1820"
NA,ARCTOZENUS RISSO ,246,644687,WHITE BARRACUDINA,NA
NA,STOMIIDAE,248,162282,SCALY DRAGONFISH UNCL,NA
NA,CYCLOPTERIDAE,249,167483,LUMPFISH SNAILFISH UNCL,NA
NA,ARGYROPELECUS ACULEATUS,250,162215,SILVER HATCHETFISH,"Cuvier and Valenciennes"
NA,POLYIPNUS CLARUS ,251,622357,SLOPE HATCHETFISH,NA
NA,STERNOPTYCHIDAE,252,162212,HATCHETFISH UNCL,NA
NA,CAREPROCTUS RANULA ,260,643676,NA,NA
NA,HOPLOSTETHUS MEDITERRANEUS,261,166140,BLACKMOUTHED ALFONSIN,"Cuvier and Valenciennes"
NA,MELANOSTIGMA ATLANTICUM,262,165296,ATLANTIC SOFT POUT,"Koefoed, 1952"
NA,POLYMIXIA LOWEI,263,166126,BEARDFISH,"Guenther, 1859"
NA,POLYMIXIA NOBILIS,264,166127,STOUT BEARDFISH,"Lowe"
NA,MOLA MOLA,265,173414,OCEAN SUNFISH,"(Linnaeus, 1758)"
NA,HOPLOSTETHUS OCCIDENTALIS,266,166141,NA,NA
NA,ZOARCIDAE,267,165215,EELPOUT UNCL,NA
NA,GEPHYROBERYX DARWINI,268,166137,BIG ROUGHY,"(Johnson, 1866)"
NA,RHINOPTERA BONASUS,270,160985,COWNOSE RAY,"(Mitchill, 1815)"
NA,AETOBATUS NARINARI  ,271,160978,SPOTTED EAGLE RAY,NA
NA,MANTA BIROSTRIS,272,160992,MANTA,"(Walbaum, 1792)"
NA,PRIONOTUS PARALATUS,274,166987,MEXICAN SEAROBIN,"Ginsburg, 1950"
NA,MALACOCEPHALUS OCCIDENTALIS,280,165390,WESTERN SOFTHEAD GRENADIER,"Goode and Bean, 1885"
NA,YARELLA BLACKFORDI,281,162205,NA,NA
NA,SPIRONTOCARIS PHIPPSII,285,96761,PUNCTATE BLADE SHRIMP,"(Kroyer, 1841)"
NA,SPIRONTOCARIS SPINUS,286,96775,PARROT SHRIMP,"(Sowerby, 1805)"
NA,CRANGON SEPTEMSPINOSA,287,97110,SEVENSPINE BAY SHRIMP,"Say, 1818"
NA,EUALUS FABRICII,291,96805,ARCTIC EUALID,"(Kroyer, 1841)"
NA,PASIPHAEA MULTIDENTATA,292,96166,PINK GLASS SHRIMP,"Esmark, 1866"
NA,LEBBEUS GROENLANDICUS,293,96787,SPINY LEBBEID,"(Fabricius, 1775)"
NA,LEBBEUS POLARIS,294,96792,POLAR LEBBEID,"(Sabine, 1821)"
NA,SPIRONTOCARIS LILJEBORGII,295,96765,FRIENDLY BLADE SHRIMP,"(Danielssen, 1859)"
NA,DICHELOPANDALUS LEPTOCERUS,296,97000,BRISTLED LONGBEAK,"(Smith, 1881)"
NA,PANDALUS MONTAGUI,297,96971,AESOP SHRIMP,"Leach, 1814"
NA,PANDALUS PROPINQUUS,298,96986,NA,"G. O. Sars, 1869"
NA,PONTOPHILUS NORVEGICUS,299,97184,NORWEGIAN SHRIMP,"(M. Sars, 1861)"
NA,HOMARUS AMERICANUS,301,97314,AMERICAN LOBSTER,"H. Milne-Edwards, 1837"
NA,SCYLLARIDES NODIFER,302,97673,RIDGED SLIPPER LOBSTER,"(Stimpson, 1866)"
NA,SCYLLARIDES AEQUINOCTIALIS,303,97676,SPANISH SLIPPER LOBSTER,"(Lund, 1793)"
NA,PANULIRUS ARGUS,304,97648,CARIBBEAN SPINY LOBSTER,"(Latreille, 1804)"
NA,CRUSTACEA SHRIMP,305,NA,SHRIMP UNCL,NA
NA,PANDALUS BOREALIS,306,96967,NORTHERN SHRIMP,"Kroyer, 1838"
NA,PENAEUS ,307,95603,SHRIMP (PINK -BROWN - WHITE),NA
NA,GERYON FENNERI,308,98909,GOLDEN DEEPSEA CRAB,"Manning and Holthuis, 1984"
NA,GERYON AFFINIS,309,98908,WHITE CRAB,NA
NA,GERYON QUINQUEDENS,310,98906,RED DEEPSEA CRAB,"Smith, 1879"
NA,CANCRIDAE,311,98670,CANCER CRAB UNCL,"Latreille, 1803"
NA,CANCER BOREALIS,312,98678,JONAH CRAB,"Stimpson, 1859"
NA,CANCER IRRORATUS,313,98679,ATLANTIC ROCK CRAB,"Say, 1817"
NA,CALLINECTES SAPIDUS,314,98696,BLUE CRAB,"Rathbun, 1896"
NA,OVALIPES ,315,98710,CALICO CRAB UNCL,NA
NA,SICYONIA BREVIROSTRIS,316,96028,BROWN ROCK SHRIMP,"Stimpson, 1871"
NA,MAJIDAE,317,98417,SPIDER CRAB UNCL,"Samouelle, 1819"
NA,LIMULUS POLYPHEMUS,318,82703,HORSESHOE CRAB,NA
NA,GALATHEIDAE,319,97964,GALATHEID UNCL,"Samouelle, 1819"
NA,PORTUNIDAE,320,98689,SWIMMING CRAB UNCL,"Rafinesque, 1815"
NA,OVALIPES STEPHENSONI,321,98715,COARSEHAND LADY CRAB,"Williams, 1976"
NA,OVALIPES OCELLATUS,322,98714,LADY CRAB,"(Herbst, 1799)"
NA,STOMATOPODA,323,99140,MANTIS SHRIMP UNCL,"Latreille, 1817"
NA,LITHODES MAJA,324,97943,NORTHERN STONE CRAB,"(Linnaeus, 1758)"
NA,CHIONOECETES OPILIO,325,98428,SNOW CRAB,"(Fabricius, 1788)"
NA,CARCINUS MAENAS,326,98734,GREEN CRAB,"(Linnaeus, 1758)"
NA,HEPATUS EPHELITICUS,327,98348,CALICO BOX CRAB,"(Linnaeus, 1763)"
NA,CALAPPA FLAMMEA,328,98342,FLAME BOX CRAB,"(Herbst, 1794)"
NA,CALAPPA SULCATA,329,98343,YELLOW BOX CRAB,"Rathbun, 1898"
NA,CLYPEASTEROIDA,330,157984,SAND DOLLAR UNCL,NA
NA,ECHINOIDEA,331,157821,SEA URCHIN AND SAND DOLLAR UNCL,"Leske, 1778"
NA,STELLEROIDEA,332,156858,SEA STAR - BRITTLE STAR - AND BASKETS,"Lamarck, 1816"
NA,ASTERIAS VULGARIS,333,157219,BOREAL ASTERIAS,NA
NA,ASTROPECTEN ,334,156901,NA,NA
NA,PAGUROIDEA,335,206947,HERMIT CRAB UNCL,"Latreille, 1803"
NA,BUSYCOTYPUS CANALICULATUS,336,74096,CHANNELED WHELK,"(Linnaeus, 1758)"
NA,BUSYCON CARICA,337,74071,KNOBBED WHELK,"(Gmelin, 1791)"
NA,NATICIDAE,338,72878,MOON SNAIL SHARK EYE AND BABY-EAR,"Guilding, 1834"
NA,CALAPPIDAE,339,98340,BOX CRAB UNCL,"De Haan, 1833"
NA,CHLAMYS ISLANDICA,340,79619,ICELAND SCALLOP,"(Muller, 1776)"
NA,CHLAMYS ISLANDICA CLAPPER,341,NA,ICELAND SCALLOP CLAPPER,NA
NA,MODIOLUS MODIOLUS,342,79501,NORTHERN HORSEMUSSEL,"(Linnaeus, 1758)"
NA,MYTILUS EDULIS,343,79454,BLUE MUSSEL,"Linnaeus, 1758"
NA,BUCCINUM UNDATUM,344,73795,WAVED WHELK,"Linnaeus, 1758"
NA,NEPTUNEA DECEMCOSTATA,345,74008,TEN-RIDGED WHELK,"(Say, 1826) (syn)"
NA,COLUS STIMPSONI,346,73922,STIMPSON'S WHELK,"(Morch, 1867)"
NA,NASSARIUS ,347,74103,NA,NA
NA,EUSPIRA HEROS,348,72985,NORTHERN MOONSNAIL,"(Say, 1822)"
NA,NEVERITA DUPLICATA,349,72961,SHARK EYE,"(Say, 1822)"
NA,GINGLYMOSTOMA CIRRATUM,350,159977,NURSE SHARK,"(Bonnaterre, 1788)"
NA,CARCHARODON CARCHARIAS,351,159903,WHITE SHARK,"(Linnaeus, 1758)"
NA,ISURUS OXYRINCHUS,352,159924,SHORTFIN MAKO,"Rafinesque, 1810"
NA,LAMNA NASUS,353,159911,PORBEAGLE SHARK,"(Bonnaterre, 1788)"
NA,CARCHARHINUS ACRONOTUS,354,160304,BLACKNOSE SHARK,"(Poey, 1860)"
NA,CARCHARHINUS FALCIFORMIS,355,160310,SILKY SHARK,"(Muller and Henle, 1839)"
NA,CARCHARHINUS LEUCAS,356,160275,BULL SHARK,"(Muller and Henle, 1839)"
NA,CARCHARHINUS LIMBATUS,357,160318,BLACKTIP SHARK,"(Muller and Henle, 1839)"
NA,GALEOCERDO CUVIER,358,160189,TIGER SHARK,"(Peron and Lesueur, 1822)"
NA,NEGAPRION BREVIROSTRIS,359,160433,LEMON SHARK,"(Poey, 1868)"
NA,RHIZOPRIONODON TERRAENOVAE,360,160200,ATLANTIC SHARPNOSE SHARK,"(Richardson, 1836)"
NA,CARCHARHINIDAE,361,160178,REQUIEM SHARK UNCL,"Jordan and Evermann, 1896"
NA,SPHYRNA LEWINI,362,160508,SCALLOPED HAMMERHEAD SHARK,"(Griffith and Smith, 1834)"
NA,SPHYRNA MOKARRAN,363,160515,GREAT HAMMERHEAD SHARK,"(Ruppell, 1837)"
NA,SPHYRNA TIBURO,364,160502,BONNETHEAD SHARK,"(Linnaeus, 1758)"
NA,SPHYRNA TUDES,365,160519,SMALLEYE HAMMERHEAD SHARK,"(Valenciennes, 1822)"
NA,SPHYRNA ZYGAENA,366,160505,SMOOTH HAMMERHEAD SHARK,"(Linnaeus, 1758)"
NA,NARCINE BRASILIENSIS,367,160844,LESSER ELECTRIC RAY,"(Olfers, 1831)"
NA,RAJA ACKLEYI,368,160859,OCELLATE SKATE,"Garman, 1881"
NA,DIPTURUS OLSENI,370,564146,SPREADFIN SKATE,"(Bigelow and Schroeder, 1951)"
NA,BATHYRAJA SPINICAUDA,371,160932,SPINYTAIL SKATE,"(Jensen, 1914)"
NA,RAJA TEXANA,372,160875,ROUNDEL SKATE,"Chandler, 1921"
NA,DASYATIS SABINA,373,160953,ATLANTIC STINGRAY,"(Lesueur, 1824)"
NA,DASYATIS VIOLACEA,374,160950,PELAGIC STINGRAY,"(Bonaparte, 1832)"
NA,GYMNURA ALTAVELA,375,160961,SPINY BUTTERFLY RAY,"(Linnaeus, 1758)"
NA,GYMNURA MICRURA,376,160962,SMOOTH BUTTERFLY RAY,"(Bloch and Schneider, 1801)"
NA,UROLOPHUS JAMAICENSIS,377,160965,YELLOW STINGRAY,"(Cuvier, 1816)"
NA,MYLIOBATIS GOODEI,378,160982,SOUTHERN EAGLE RAY,"Garman, 1885"
NA,ACIPENSER BREVIROSTRUM,379,161069,SHORTNOSE STURGEON,"Lesueur, 1818"
NA,ACIPENSER OXYRHYNCHUS,380,573257,ATLANTIC STURGEON,"Mitchill, 1815"
NA,ELOPS SAURUS,381,161111,LADYFISH,"Linnaeus, 1766"
NA,MEGALOPS ATLANTICUS,382,161116,TARPON,"Valenciennes in Cuvier and Valenciennes, 1847"
NA,ALBULA VULPES,383,161121,BONEFISH,"(Linnaeus, 1758)"
NA,ANGUILLA ROSTRATA,384,161127,AMERICAN EEL,"(Lesueur, 1817)"
NA,ANARCHIAS SIMILIS,385,161169,PYGMY MORAY,"(Lea, 1913)"
NA,GYMNOTHORAX MORINGA,386,161188,SPOTTED MORAY,"(Cuvier, 1829)"
NA,GYMNOTHORAX NIGROMARGINATUS,387,161189,BLACKEDGE MORAY,"(Girard, 1859)"
NA,MURAENIDAE,388,161160,MORAY UNCL,NA
NA,ARIOSOMA BALEARICUM,389,161344,BANDTOOTH CONGER,"(Delaroche, 1809)"
NA,CONGRIDAE,390,161324,CONGER EEL UNCL,NA
NA,CALLECHELYS GUINIENSIS,391,161435,SHORTTAIL SNAKE EEL,"(Osorio, 1894)"
NA,LETHARCHUS VELIFER,392,161441,SAILFIN EEL,"Goode and Bean, 1882"
NA,MYROPHIS PUNCTATUS,393,161453,SPECKLED WORM EEL,"Luetken, 1852"
NA,ECHIOPHIS INTERTINCTUS,394,161551,SPOTTED SPOON-NOSE EEL,"(Richardson, 1848)"
NA,OPHICHTHUS GOMESI,395,161462,SHRIMP EEL,"(Castlenau, 1855)"
NA,OPHICHTHUS PUNCTICEPS,396,161481,PALESPOTTED EEL,"(Kaup, 1860)"
NA,APTERICHTUS ANSP,397,161534,ACADEMY EEL,"(Boehlke, 1968)"
NA,APTERICHTUS KENDALLI,398,161536,FINLESS EEL,"(Gilbert, 1891)"
NA,ECHIOPHIS ,399,161550,SPOON-NOSE EEL UNCL,NA
NA,PLACOPECTEN MAGELLANICUS CLAPPER,400,NA,SEA SCALLOP CLAPPER,NA
NA,PLACOPECTEN MAGELLANICUS,401,79718,SEA SCALLOP,"(Gmelin, 1791)"
NA,ARGOPECTEN IRRADIANS,402,79737,BAY SCALLOP,"(Lamarck, 1819)"
NA,SPISULA SOLIDISSIMA,403,80944,ATLANTIC SURFCLAM,"(Dillwyn, 1817)"
NA,ARGOPECTEN GIBBUS,404,79734,ATLANTIC CALICO SCALLOP,"(Linnaeus, 1758)"
NA,THRACIA ,405,81962,DUCK-BILL SHELL UNCL,NA
NA,SPISULA SOLIDISSIMA CLAPPER,406,NA,ATLANTIC SURFCLAM CLAPPER,NA
NA,MACTROMERIS POLYNYMA,407,80983,ARCTIC SURFCLAM,"(Stimpson, 1860)"
NA,MACTROMERIS POLYNYMA CLAPPER,408,NA,ARCTIC SURFCLAM CLAPPER,NA
NA,ARCTICA ISLANDICA,409,81343,OCEAN QUAHOG,"(Linnaeus, 1767)"
NA,ARCTICA ISLANDICA CLAPPER,410,NA,OCEAN QUAHOG CLAPPER,NA
NA,MERCENARIA CAMPECHIENSIS,411,81499,SOUTHERN QUAHOG,"(Gmelin, 1791)"
NA,MERCENARIA CAMPECHIENSIS CLAPPER,412,NA,SOUTHERN QUAHOG CLAPPER,NA
NA,MERCENARIA MERCENARIA,413,81496,NORTHERN QUAHOG,"(Linnaeus, 1758)"
NA,MERCENARIA MERCENARIA CLAPPER,414,NA,NORTHERN QUAHOG CLAPPER,NA
NA,PITAR MORRHUANUS,415,81501,FALSE QUAHOG,"(Linsley, 1848)"
NA,SOLENIDAE,416,81006,RAZOR AND JACKKNIFE CLAM UNCL,"Lamarck, 1809"
NA,CYRTODARIA SILIQUA,417,81763,NORTHERN PROPELLER CLAM,"(Spengler, 1793)"
NA,SERRIPES GROENLANDICUS,418,80879,GREENLAND COCKLE,"(Mohr, 1786)"
NA,CYCLOCARDIA BOREALIS,419,80744,NORTHERN CYCLOCARDIA,"(Conrad, 1831)"
NA,ASTARTE CASTANEA,420,80801,SMOOTH ASTARTE,"(Say, 1822)"
NA,SYNGNATHIDAE,421,166443,PIPEFISH SEAHORSE UNCL,NA
NA,CAPROIDAE,422,166309,BOARFISH UNCL,NA
NA,ATHERINIDAE,423,165984,SILVERSIDE UNCL,NA
NA,OPHICHTHIDAE,425,161419,SNAKE EEL UNCL,NA
NA,DOROSOMA CEPEDIANUM,426,161737,GIZZARD SHAD,"(Lesueur, 1818)"
NA,JENKINSIA LAMPROTAENIA,427,161759,DWARF HERRING,"(Gosse, 1851)"
NA,OPISTHONEMA OGLINUM,428,161748,ATLANTIC THREAD HERRING,"(Lesueur, 1818)"
NA,SARDINELLA AURITA,429,161763,SPANISH SARDINE,"Valenciennes in Cuvier and Valenciennes, 1847"
NA,ANCHOVIELLA PERFASCIATA,430,161857,FLAT ANCHOVY,"(Poey, 1860)"
NA,ONCORHYNCHUS MYKISS,431,161989,RAINBOW TROUT,"(Walbaum, 1792)"
NA,SALMO TRUTTA,432,161997,BROWN TROUT,"Linnaeus, 1758"
NA,SAURIDA BRASILIENSIS,433,162408,LARGESCALE LIZARDFISH,"Norman"
NA,SAURIDA NORMANI,434,162411,SHORTJAW LIZARDFISH,"Longley"
NA,SYNODUS FOETENS,435,162376,INSHORE LIZARDFISH,"(Linnaeus, 1766)"
NA,SYNODUS INTERMEDIUS,436,162377,SAND DIVER,"Agassiz"
NA,SYNODUS POEYI,437,162379,OFFSHORE LIZARDFISH,"Jordan"
NA,SYNODUS SYNODUS,438,162382,RED LIZARDFISH,"(Linnaeus, 1758)"
NA,TRACHINOCEPHALUS MYOPS,439,162420,SNAKEFISH,"Forster"
NA,ALEPISAURUS FEROX,440,162527,LONGNOSE LANCETFISH,"Lowe, 1833"
NA,ARIUS FELIS,441,164165,HARDHEAD CATFISH,"(Linnaeus, 1766)"
NA,BAGRE MARINUS,442,164159,GAFFTOPSAIL CATFISH,"(Mitchill, 1815)"
NA,OPSANUS PARDUS,443,164425,LEOPARD TOADFISH,"(Goode and Bean, 1879)"
NA,PORICHTHYS PLECTRODON,444,164421,ATLANTIC MIDSHIPMAN,"Jordan and Gilbert, 1882"
NA,ANTENNARIUS OCELLATUS,445,164524,OCELLATED FROGFISH,"(Bloch and Schneider, 1801)"
NA,ANTENNARIUS RADIOSUS,446,164525,SINGLESPOT FROGFISH,"Garman, 1896"
NA,ANTENNARIUS STRIATUS,447,164556,STRIATED FROGFISH,"(Shaw and Nodder, 1794)"
NA,HISTRIO HISTRIO,448,164520,SARGASSUMFISH,"(Linnaeus, 1758)"
NA,HALIEUTICHTHYS ACULEATUS,449,164594,PANCAKE BATFISH,"(Mitchill, 1818)"
NA,OGCOCEPHALUS NASUTUS,450,164576,SHORTNOSE BATFISH,"(Valenciennes, 1837)"
NA,OGCOCEPHALUS PARVUS,451,164578,ROUGHBACK BATFISH,"Longley and Hildebrand, 1940"
NA,OGCOCEPHALIDAE,452,164573,BATFISH UNCL,NA
NA,MICROGADUS TOMCOD,453,164720,ATLANTIC TOMCOD,"(Walbaum in Artedi, 1792)"
NA,UROPHYCIS EARLLII ,454,164736,CAROLINA HAKE,NA
NA,UROPHYCIS FLORIDANA,455,164737,SOUTHERN HAKE,"(Bean and Dresel, 1884)"
NA,BROTULA BARBATA,456,164818,BEARDED BROTULA,"(Schneider, 1801)"
NA,LEPOPHIDIUM JEANNAE,457,164827,MOTTLED CUSK-EEL,"Fowler, 1941"
NA,OPHIDION GRAYI,458,164841,BLOTCHED CUSK-EEL,"(Fowler, 1948)"
NA,OPHIDION HOLBROOKI,459,164842,BANK CUSK-EEL,"(Putnam, 1874)"
NA,OPHIDION WELSHI,460,164844,CRESTED CUSK-EEL,"(Nichols and Breder, 1922)"
NA,OPHIDIIDAE,461,164807,CUSK-EEL UNCL,NA
NA,CARAPUS BERMUDENSIS,462,165096,PEARLFISH,"(Jones, 1874)"
NA,CYPSELURUS CYANOPTERUS,463,165436,MARGINED FLYINGFISH,"(Valenciennes, 1847)"
NA,CYPSELURUS FURCATUS,464,165438,SPOTFIN FLYINGFISH,"(Mitchill, 1815)"
NA,CYPSELURUS MELANURUS,465,165447,ATLANTIC FLYINGFISH,"(Valenciennes, 1847)"
NA,EULEPTORHAMPHUS VELOX,466,165503,FLYING HALFBEAK,"Poey, 1868"
NA,EXOCOETUS OBTUSIROSTRIS,467,165507,OCEANIC TWO-WING FLYINGFISH,"Guenther, 1866"
NA,HEMIRAMPHUS BRASILIENSIS,468,165460,BALLYHOO,"(Linnaeus, 1758)"
NA,HIRUNDICHTHYS AFFINIS,469,165516,FOURWING FLYINGFISH,"(Guenther, 1866)"
NA,PROGNICHTHYS GIBBIFRONS,470,165524,BLUNTNOSE FLYINGFISH,"(Valenciennes, 1847)"
NA,STRONGYLURA MARINA,471,165551,ATLANTIC NEEDLEFISH,"(Walbaum in Artedi, 1792)"
NA,CYPRINODON VARIEGATUS,472,165631,SHEEPSHEAD MINNOW,"Lacepede, 1803"
NA,FUNDULUS HETEROCLITUS,473,165647,MUMMICHOG,"(Linnaeus, 1766)"
NA,FUNDULUS MAJALIS,474,165649,STRIPED KILLIFISH,"(Walbaum in Artedi, 1792)"
NA,MEMBRAS MARTINICA,475,165989,ROUGH SILVERSIDE,"(Valenciennes in Cuvier and Valenciennes, 1835)"
NA,MENIDIA BERYLLINA,476,165993,TIDEWATER SILVERSIDE,"(Cope, 1866)"
NA,CORNIGER SPINOSUS,477,166251,SPINYCHEEK SOLDIERFISH,"Agassiz, 1829"
NA,HOLOCENTRUS ADSCENSIONIS,478,166172,SQUIRRELFISH,"(Osbeck, 1765)"
NA,SARGOCENTRON BULLISI ,479,622109,DEEPWATER SQUIRRELFISH,NA
NA,HOLOCENTRUS RUFUS,480,166173,LONGSPINE SQUIRRELFISH,"(Walbaum, 1792)"
NA,SARGOCENTRON VEXILLARIUM ,481,622110,DUSKY SQUIRRELFISH,NA
NA,MYRIPRISTIS JACOBUS,482,166211,BLACKBAR SOLDIERFISH,"Cuvier, 1829"
NA,OSTICHTHYS TRACHYPOMA,483,166240,BIGEYE SOLDIERFISH,"(Guenther, 1859)"
NA,PLECTRYPOPS RETROSPINIS,484,166245,CARDINAL SOLDIERFISH,"(Guichenot, 1853)"
NA,HOLOCENTRIDAE,485,166170,SQUIRRELFISH UNCL,NA
NA,ANTIGONIA COMBATIA,486,166312,SHORTSPINE BOARFISH,"Berry and Rathjen, 1959"
NA,EUMECICHTHYS FISKI,487,166338,UNICORNFISH,"(Guenther, 1890)"
NA,APELTES QUADRACUS,488,166397,FOURSPINE STICKLEBACK,"(Mitchill, 1815)"
NA,FISTULARIA PETIMBA,489,166417,RED CORNETFISH,"Lacepede, 1803"
NA,FISTULARIA ,490,166415,CORNETFISH UNCL,NA
NA,COSMOCAMPUS ALBIROSTRIS,491,166597,WHITENOSE PIPEFISH,"(Kaup, 1856)"
NA,HIPPOCAMPUS ERECTUS,492,166488,LINED SEAHORSE,"Perry, 1810"
NA,HIPPOCAMPUS REIDI,493,166492,LONGSNOUT SEAHORSE,"Ginsburg, 1933"
NA,SYNGNATHUS FLORIDAE,494,166446,DUSKY PIPEFISH,"(Jordan and Gilbert, 1882)"
NA,SYNGNATHUS LOUISIANAE,495,166452,CHAIN PIPEFISH,"Guenther, 1870"
NA,SYNGNATHUS SPRINGERI,496,166455,BULL PIPEFISH,"Herald, 1942"
NA,CENTROPOMUS UNDECIMALIS,497,167648,COMMON SNOOK,"(Bloch, 1792)"
NA,EPINEPHELUS AFER,498,167745,MUTTON HAMLET,"Bloch, 1793 (syn)"
NA,ANTHIAS ASPERILINGUIS,499,167770,CRIMSON BASS,"Gunther"
NA,ANTHIAS NICHOLSI,500,167771,YELLOWFIN BASS,"Firth, 1933"
NA,CEPHALOPODA,501,82326,SQUID CUTTLEFISH AND OCTOPOD UNCL,"Cuvier, 1797"
NA,ILLEX ILLECEBROSUS,502,82521,NORTHERN SHORTFIN SQUID,"(Lesueur, 1821)"
NA,LOLIGO PEALEII,503,82372,LONGFIN SQUID,"Lesueur, 1821"
NA,LOLLIGUNCULA BREVIS,504,82379,ATLANTIC BRIEF SQUID,"(Blainville, 1823)"
NA,LOLIGO PLEI,505,82373,ARROW SQUID,NA
NA,SEPIOLIDAE,506,82335,BOBTAIL UNCL,"Leach, 1817"
NA,SEMIROSSIA TENERA,507,82340,LESSER SHINING BOBTAIL,"(Verrill, 1880)"
NA,STOLOTEUTHIS LEUCOPTERA,508,82355,SHIELD BOBTAIL,"(Verrill, 1878)"
NA,ABRALIA VERANYI,509,82407,RUPPELL'S ABRALIA,"(Ruppell, 1844)"
NA,OCTOPODA,510,82589,OCTOPUS UNCL,"Leach, 1818"
NA,OCTOPUS VULGARIS,511,82603,COMMON OCTOPUS,"Cuvier, 1797"
NA,BATHYPOLYPUS ARCTICUS,512,82636,SPOONARM OCTOPUS,"(Prosch, 1847)"
NA,SCAEURGUS UNICIRRHUS,513,82652,UNICORN OCTOPUS,"(Chiaie, 1839-41 in Ferussac and D'Orbigny, 1834-1848)"
NA,ROSSIA MEGAPTERA,514,82353,VERRILL'S BOBTAIL,"Verrill, 1881 in 1880-1881"
NA,ROSSIA PALPEBROSA,515,82348,OWEN'S BOBTAIL,"Owen, 1834"
NA,PORTUNUS SPINIMANUS,516,98721,BLOTCHED SWIMMING CRAB,"Latreille, 1819"
NA,BATHYNECTES LONGISPINA,517,98694,BATHYAL SWIMMING CRAB,"Stimpson, 1871"
NA,ARENAEUS CRIBRARIUS,518,98691,SPECKLED SWIMMING CRAB,"(Lamarck, 1818)"
NA,ILLEX ILLECEBROSUS EGG MOPS,519,NA,NORTHERN SHORTFIN SQUID EGG MOPS,NA
NA,LOLIGO PEALEII EGG MOPS,520,NA,LONGFIN SQUID EGG MOPS,NA
NA,SCHULTZEA BETA,523,167846,SCHOOL BASS,"(Hildebrand,1940)"
NA,MYCTEROPERCA INTERSTITIALIS,524,167762,YELLOWMOUTH GROUPER,"(Poey, 1860)"
NA,CENTROPRISTIS OCYURUS,526,167690,BANK SEA BASS,"(Jordan and Evermann, 1887)"
NA,CENTROPRISTIS PHILADELPHICA,527,167691,ROCK SEA BASS,"(Linnaeus, 1758)"
NA,EPINEPHELUS INERMIS,528,167743,MARBLED GROUPER,"(Valenciennes, 1833) (syn)"
NA,DIPLECTRUM BIVITTATUM,529,167796,DWARF SAND PERCH,"(Valenciennes, 1828)"
NA,DIPLECTRUM FORMOSUM,530,167793,SAND PERCH,"(Linnaeus, 1766)"
NA,EPINEPHELUS ADSCENSIONIS,531,167696,ROCK HIND,"(Osbeck, 1765)"
NA,EPINEPHELUS DRUMMONDHAYI,532,167698,SPECKLED HIND,"Goode and Bean, 1879"
NA,EPINEPHELUS FLAVOLIMBATUS,533,167699,YELLOWEDGE GROUPER,"Poey, 1865"
NA,EPINEPHELUS GUTTATUS,534,167700,RED HIND,"(Linnaeus, 1758)"
NA,EPINEPHELUS MORIO,535,167702,RED GROUPER,"(Valenciennes, 1828)"
NA,EPINEPHELUS NIGRITUS,536,167704,WARSAW GROUPER,"(Holbrook, 1855)"
NA,EPINEPHELUS NIVEATUS,537,167705,SNOWY GROUPER,"(Valenciennes, 1828)"
NA,EPINEPHELUS STRIATUS,538,167706,NASSAU GROUPER,"(Bloch, 1792)"
NA,HEMANTHIAS VIVANUS,539,167801,RED BARBIER,"(Jordan and Swain, 1884)"
NA,MYCTEROPERCA BONACI,540,167760,BLACK GROUPER,"(Poey, 1860)"
NA,MYCTEROPERCA MICROLEPIS,541,167759,GAG,"(Goode and Bean, 1880)"
NA,MYCTEROPERCA PHENAX,542,167763,SCAMP,"Jordan and Swain, 1885"
NA,MYCTEROPERCA VENENOSA,543,167764,YELLOWFIN GROUPER,"(Linnaeus, 1758)"
NA,HOLANTHIAS MARTINICENSIS,544,167931,ROUGHTONGUE BASS,"(Guichenot, 1868)"
NA,PARANTHIAS FURCIFER,545,167838,CREOLE-FISH,"(Valenciennes, 1828)"
NA,HEMANTHIAS AUREORUBENS,546,167803,STREAMER BASS,"(Longley, 1935)"
NA,SERRANICULUS PUMILIO,547,167848,PYGMY SEA BASS,"Ginsburg, 1952"
NA,SERRANUS ANNULARIS,548,167850,ORANGEBACK BASS,"(Guenther, 1880)"
NA,SERRANUS ATROBRANCHUS,549,167851,BLACKEAR BASS,"(Cuvier, 1829)"
NA,SERRANUS BALDWINI,550,167852,LANTERN BASS,"(Evermann and Marsh, 1900)"
NA,SERRANUS NOTOSPILUS,551,167856,SADDLE BASS,"Longley, 1935"
NA,SERRANUS PHOEBE,552,167857,TATTLER,"Poey, 1852"
NA,SERRANUS SUBLIGARIUS,553,167858,BELTED SANDFISH,"(Cope, 1870)"
NA,SERRANIDAE,554,167674,SEA BASS UNCL,NA
NA,RYPTICUS BISTRISPINUS,555,167985,FRECKLED SOAPFISH,"(Mitchill, 1818)"
NA,PRIACANTHUS CRUENTATUS,556,168179,GLASSEYE SNAPPER,"(Lacepede, 1801)"
NA,PRISTIGENYS ALTA,557,168190,SHORT BIGEYE,"(Gill, 1862)"
NA,APOGON MACULATUS,558,168204,FLAMEFISH,"(Poey, 1860)"
NA,APOGON PSEUDOMACULATUS,559,168207,TWOSPOT CARDINALFISH,"Longley, 1932"
NA,CAULOLATILUS CYANOPS,562,168541,BLACKLINE TILEFISH,"Poey, 1866"
NA,RACHYCENTRON CANADUM,563,168566,COBIA,"(Linnaeus, 1766)"
NA,ECHENEIS NAUCRATES,564,168575,SHARKSUCKER,"Linnaeus, 1758"
NA,REMORA BRACHYPTERA,565,168572,SPEARFISH REMORA,"(Lowe, 1839)"
NA,REMORA OSTEOCHIR,566,168570,MARLINSUCKER,"(Cuvier, 1829)"
NA,REMORA REMORA,567,168571,REMORA,"(Linnaeus, 1758)"
NA,ALECTIS CILIARIS,568,168602,AFRICAN POMPANO,"(Bloch, 1787)"
NA,CARANX BARTHOLOMAEI,569,168606,YELLOW JACK,"Cuvier, 1833"
NA,CARANX HIPPOS,570,168609,CREVALLE JACK,"(Linnaeus, 1766)"
NA,CARANX LATUS,571,168610,HORSE-EYE JACK,"Agassiz in Spix and Agassiz, 1831"
NA,CARANX RUBER,572,168614,BAR JACK,"(Bloch, 1793)"
NA,CHLOROSCOMBRUS CHRYSURUS,573,168670,ATLANTIC BUMPER,"(Linnaeus, 1766)"
NA,ELAGATIS BIPINNULATA,574,168738,RAINBOW RUNNER,"(Quoy and Gaimard, 1824)"
NA,HEMICARANX AMBLYRHYNCHUS,575,168740,BLUNTNOSE JACK,"(Cuvier, 1833)"
NA,NAUCRATES DUCTOR,576,168742,PILOTFISH,"(Linnaeus, 1758)"
NA,OLIGOPLITES SAURUS,577,168673,LEATHERJACK,"(Bloch and Schneider, 1801)"
NA,SERIOLA RIVOLIANA,578,168691,ALMACO JACK,"Valenciennes, 1833"
NA,TRACHINOTUS CAROLINUS,579,168708,FLORIDA POMPANO,"(Linnaeus, 1766)"
NA,TRACHINOTUS FALCATUS,580,168709,PERMIT,"(Linnaeus, 1758)"
NA,TRACHINOTUS GOODEI,581,168710,PALOMETA,"Jordan and Evermann, 1896"
NA,CARANGIDAE,582,168584,JACK POMPANO UNCL,NA
NA,CORYPHAENA EQUISELIS ,583,168792,POMPANO DOLPHIN,NA
NA,CORYPHAENA HIPPURUS,584,168791,DOLPHIN,"Linnaeus, 1758"
NA,BRAMA BRAMA,585,170290,ATLANTIC POMFRET,"(Bonnaterre, 1758)"
NA,LUTJANUS ANALIS,586,168849,MUTTON SNAPPER,"(Cuvier, 1828)"
NA,LUTJANUS APODUS,587,168850,SCHOOLMASTER,"(Walbaum in Artedi, 1792)"
NA,LUTJANUS BUCCANELLA,588,168852,BLACKFIN SNAPPER,"(Cuvier, 1828)"
NA,LUTJANUS CAMPECHANUS,589,168853,RED SNAPPER,"(Poey, 1860)"
NA,LUTJANUS GRISEUS,590,168848,GRAY SNAPPER,"(Linnaeus, 1758)"
NA,LUTJANUS JOCU,591,168857,DOG SNAPPER,"(Bloch and Schneider, 1801)"
NA,LUTJANUS SYNAGRIS,592,168860,LANE SNAPPER,"(Linnaeus, 1758)"
NA,LUTJANUS VIVANUS,593,168861,SILK SNAPPER,"(Cuvier in Cuvier and Valenciennes, 1828)"
NA,OCYURUS CHRYSURUS,594,168907,YELLOWTAIL SNAPPER,"(Bloch, 1790)"
NA,PRISTIPOMOIDES AQUILONARIS,595,168913,WENCHMAN,"(Goode and Bean, 1896)"
NA,RHOMBOPLITES AURORUBENS,596,168909,VERMILION SNAPPER,"(Cuvier in Cuvier and Valenciennes, 1829)"
NA,LUTJANIDAE,597,168845,SNAPPER UNCL,NA
NA,LOBOTES SURINAMENSIS,598,169007,TRIPLETAIL,"(Bloch, 1790)"
NA,EUCINOSTOMUS GULA,599,169016,SILVER JENNY,"(Quoy and Gaimard, 1824)"
NA,SQUALIDAE,600,160604,NA,"Blainville, 1816"
NA,ETMOPTERUS GRACILISPINIS,601,160669,BROADBAND DOGFISH,"Krefft, 1968"
NA,ETMOPTERUS HILLIANUS,602,160657,CARIBBEAN LANTERNSHARK,"(Poey, 1861)"
NA,CENTROSCYMNUS COELOLEPIS,603,160724,PORTUGUESE SHARK,"Bocage and Capello, 1864"
NA,ACANTHOCARPUS ALEXANDRI,604,98355,GLADIATOR BOX CRAB,"Stimpson, 1871"
NA,COOKEOLUS JAPONICUS,616,168195,BULLEYE,"(Cuvier, 1829)"
NA,XENOLEPIDICHTHYS DALGLEISHI,617,166302,SPOTTED TINSELFISH,"Gilchrist, 1922"
NA,GRAMMATIDAE,618,553216,BASSLET UNCL,NA
NA,POMACENTRIDAE,619,170044,DAMSELFISH UNCL,NA
NA,SPHYRAENA ,620,170425,BARRACUDAS,NA
NA,CAULOLATILUS MICROPS,621,168543,BLUELINE TILEFISH,"Goode and Bean, 1878"
NA,CAULOLATILUS CHRYSOPS,622,168544,GOLDFACE TILEFISH,"(Valenciennes, 1833)"
NA,CAULOLATILUS INTERMEDIUS,623,168542,ANCHOR TILEFISH,"Howell Rivero, 1936"
NA,MALACANTHUS PLUMIERI,624,168548,SAND TILEFISH,"(Bloch, 1787)"
NA,GERREIDAE,625,169013,MOJARRA UNCL,NA
NA,ANISOTREMUS VIRGINICUS,626,169086,PORKFISH,"(Linnaeus, 1758)"
NA,HAEMULON AUROLINEATUM,627,169058,TOMTATE,"Cuvier, 1830"
NA,HAEMULON CARBONARIUM,628,169063,CAESAR GRUNT,"Poey, 1860"
NA,HAEMULON PLUMIERI,629,169059,WHITE GRUNT,"(Lacepede, 1801)"
NA,HAEMULIDAE,630,169055,GRUNT UNCL,NA
NA,ARCHOSARGUS PROBATOCEPHALUS,631,169189,SHEEPSHEAD,"(Walbaum in Artedi, 1792)"
NA,CALAMUS BAJONADO,632,169197,JOLTHEAD PORGY,"(Schneider, 1801)"
NA,CALAMUS CALAMUS,633,169198,SAUCEREYE PORGY,"(Valenciennes, 1830)"
NA,CALAMUS LEUCOSTEUS,634,169200,WHITEBONE PORGY,"Jordan and Gilbert, 1885"
NA,CALAMUS NODOSUS,635,169201,KNOBBED PORGY,"Randall and Caldwell, 1966"
NA,CALAMUS PENNA,636,169205,SHEEPSHEAD PORGY,"(Valenciennes, 1830)"
NA,CALAMUS PRORIDENS,637,169203,LITTLEHEAD PORGY,"Jordan and Gilbert, 1884"
NA,DIPLODUS ARGENTEUS,638,169193,SILVER PORGY,"(Valenciennes, 1830)"
NA,DIPLODUS HOLBROOKII ,639,169192,SPOTTAIL PINFISH,NA
NA,LAGODON RHOMBOIDES,640,169187,PINFISH,"(Linnaeus, 1766)"
NA,PAGRUS SEDECIM,641,169208,RED PORGY,"Ginsburg"
NA,SPARIDAE,643,169180,PORGY AND PINFISH UNCL,NA
NA,CYNOSCION ARENARIUS,644,169243,SAND SEATROUT,"Ginsberg, 1930"
NA,CYNOSCION NEBULOSUS,645,169239,SPOTTED SEATROUT,"(Cuvier in Cuvier and Valenciennes, 1830)"
NA,CYNOSCION NOTHUS,646,169240,SILVER SEATROUT,"(Holbrook, 1855)"
NA,EQUETUS ACUMINATUS,647,169313,HIGH-HAT,"(Schneider, 1801)"
NA,EQUETUS LANCEOLATUS,648,169314,JACKKNIFE-FISH,"(Linnaeus, 1758)"
NA,EQUETUS PUNCTATUS,649,169317,SPOTTED DRUM,"(Schneider, 1801)"
NA,EQUETUS UMBROSUS,650,169318,CUBBYU,"Jordan and Eigenmann, 1889"
NA,LARIMUS FASCIATUS,651,169269,BANDED DRUM,"Holbrook, 1855"
NA,MENTICIRRHUS AMERICANUS,652,169274,SOUTHERN KINGFISH,"(Linnaeus, 1758)"
NA,MENTICIRRHUS LITTORALIS,653,169275,GULF KINGFISH,"(Holbrook, 1855)"
NA,SCIAENOPS OCELLATUS,654,169290,RED DRUM,"(Linnaeus, 1766)"
NA,STELLIFER LANCEOLATUS,655,169292,STAR DRUM,"(Holbrook, 1855)"
NA,PSEUDUPENEUS MACULATUS,656,169421,SPOTTED GOATFISH,"(Bloch, 1793)"
NA,UPENEUS PARVUS,657,169441,DWARF GOATFISH,"Poey, 1853"
NA,KYPHOSUS SECTATRIX,658,169506,BERMUDA CHUB,"(Linnaeus, 1758)"
NA,CHAETODIPTERUS FABER,659,169539,ATLANTIC SPADEFISH,"(Broussonet, 1782)"
NA,CHAETODON AYA,660,169557,BANK BUTTERFLYFISH,"Jordan, 1886"
NA,CHAETODON CAPISTRATUS,661,169558,FOUREYE BUTTERFLYFISH,"Linnaeus, 1758"
NA,CHAETODON OCELLATUS,662,169556,SPOTFIN BUTTERFLYFISH,"Bloch, 1787"
NA,CHAETODON SEDENTARIUS,663,169562,REEF BUTTERFLYFISH,"Poey, 1860"
NA,CHAETODON STRIATUS,664,169563,BANDED BUTTERFLYFISH,"Linnaeus, 1758"
NA,HOLACANTHUS BERMUDENSIS,665,169626,BLUE ANGELFISH,"Goode, 1876"
NA,HOLACANTHUS CILIARIS,666,169623,QUEEN ANGELFISH,"(Linnaeus, 1758)"
NA,HOLACANTHUS TRICOLOR,667,169625,ROCK BEAUTY,"(Bloch, 1795)"
NA,POMACANTHUS ARCUATUS,668,169632,GRAY ANGELFISH,"(Linnaeus, 1758)"
NA,ABUDEFDUF SAXATILIS,669,170046,SERGEANT MAJOR,"(Linnaeus, 1758)"
NA,CHROMIS ENCHRYSURUS,670,170081,YELLOWTAIL REEFFISH,"Jordan and Gilbert, 1882"
NA,CHROMIS INSOLATA,671,170082,SUNSHINEFISH,"(Cuvier, 1830)"
NA,POMACENTRUS LEUCOSTICTUS,672,170180,BEAUGREGORY,"Mueller and Troschel, 1848"
NA,BODIANUS PULCHELLUS,673,170483,SPOTFIN HOGFISH,"(Poey, 1860)"
NA,CLEPTICUS PARRAE,674,170496,CREOLE WRASSE,"(Bloch and Schneider, 1801)"
NA,DECODON PUELLARIS,675,170498,RED HOGFISH,"(Poey, 1860)"
NA,HALICHOERES BATHYPHILUS,676,170502,GREENBAND WRASSE,"(Beebe and Tee-van, 1932)"
NA,HALICHOERES BIVITTATUS,677,170503,SLIPPERY DICK,"(Bloch, 1791)"
NA,HALICHOERES CAUDALIS,678,170504,PAINTED WRASSE,"(Poey, 1860)"
NA,HALICHOERES POEYI,679,170509,BLACKEAR WRASSE,"(Steindachner, 1867)"
NA,HALICHOERES RADIATUS,680,170510,PUDDINGWIFE,"(Linnaeus, 1758)"
NA,HEMIPTERONOTUS NOVACULA,681,170537,PEARLY RAZORFISH,"(Linnaeus, 1758)"
NA,LACHNOLAIMUS MAXIMUS,682,170566,HOGFISH,"(Walbaum, 1792)"
NA,LABRIDAE,683,170477,WRASSE UNCL,NA
NA,CRYPTOTOMUS ROSEUS,684,170857,BLUELIP PARROTFISH,"Cope, 1871"
NA,NICHOLSINA USTA,685,170860,EMERALD PARROTFISH,"(Valenciennes, 1839)"
NA,SCARUS COERULEUS,686,170811,BLUE PARROTFISH,"(Bloch, 1786)"
NA,SPARISOMA RADIANS,687,170865,BUCKTOOTH PARROTFISH,"(Valenciennes, 1839)"
NA,SCARIDAE,688,170809,PARROTFISH UNCL,NA
NA,MUGIL CEPHALUS,689,170335,STRIPED MULLET,"Linnaeus, 1758"
NA,MUGIL CUREMA,690,170336,WHITE MULLET,"Valenciennes in Cuvier and Valenciennes, 1836"
NA,MUGIL LIZA,691,170338,LIZA,"Valenciennes in Cuvier and Valenciennes, 1836"
NA,MUGIL GYRANS,692,170351,FANTAIL MULLET,"(Jordan and Gilbert, 1884)"
NA,SPHYRAENA BARRACUDA,693,170429,GREAT BARRACUDA,"(Walbaum in Artedi, 1792)"
NA,SPHYRAENA BOREALIS,694,170427,NORTHERN SENNET,"De Kay, 1842"
NA,SPHYRAENA GUACHANCHO,695,170428,GUAGUANCHE,"Cuvier, 1829"
NA,OPISTOGNATHUS LONCHURUS,696,170926,MOUSTACHE JAWFISH,"(Jordan and Gilbert, 1882)"
NA,OPISTOGNATHUS MAXILLOSUS,697,170927,MOTTLED JAWFISH,"(Poey, 1860)"
NA,BEMBROPS GOBIOIDES,698,170998,GOBY FLATHEAD,"(Goode, 1880)"
NA,ASTROSCOPUS Y-GRAECUM,699,171056,SOUTHERN STARGAZER,"(Cuvier, 1829)"
NA,XIPHIAS GLADIUS,700,172482,SWORDFISH,"Linnaeus, 1758"
NA,AUXIS ROCHEI,701,172455,BULLET MACKEREL,"(Risso, 1810)"
NA,AUXIS THAZARD,702,172456,FRIGATE MACKEREL,"(Lacepede, 1800)"
NA,THUNNUS ALALUNGA,703,172419,ALBACORE,"(Bonnaterre, 1788)"
NA,THUNNUS ALBACARES,704,172423,YELLOWFIN TUNA,"(Bonnaterre, 1788)"
NA,THUNNUS ATLANTICUS,705,172427,BLACKFIN TUNA,"(Lesson, 1830)"
NA,THUNNUS OBESUS,706,172428,BIGEYE TUNA,"(Lowe, 1839)"
NA,MAKAIRA NIGRICANS,707,172491,BLUE MARLIN,"Lacepede, 1802"
NA,TETRAPTURUS ALBIDUS,708,172499,WHITE MARLIN,"Poey, 1860"
NA,XENOCEPHALUS EGREGIUS ,725,630400,FRECKLED STARGAZER,NA
NA,KATHETOSTOMA ALBIGUTTA,726,171061,LANCER STARGAZER,"(Bean, 1892)"
NA,CLINIDAE,727,171396,CLINID UNCL,NA
NA,PARABLENNIUS MARMOREUS,728,171304,SEAWEED BLENNY,"(Poey, 1876)"
NA,CHASMODES BOSQUIANUS,729,171164,STRIPED BLENNY,"(Lacepede, 1800)"
NA,HYPLEUROCHILUS GEMINATUS,730,171198,CRESTED BLENNY,"(Wood, 1825)"
NA,HYPSOBLENNIUS HENTZ,731,171156,FEATHER BLENNY,"(Lesueur, 1825)"
NA,HYPSOBLENNIUS IONTHAS,732,171157,FRECKLED BLENNY,"(Jordan and Gilbert, 1882)"
NA,BLENNIIDAE,733,171124,COMBTOOTH BLENNY UNCL,NA
NA,AMMODYTES AMERICANUS,734,171673,AMERICAN SAND LANCE,"De Kay, 1842"
NA,FOETOREPUS AGASSIZI,735,171740,SPOTFIN DRAGONET,"(Goode and Bean, 1888)"
NA,DORMITATOR MACULATUS,736,171919,FAT SLEEPER,"(Bloch, 1792)"
NA,BATHYGOBIUS SOPORATOR,737,171820,FRILLFIN GOBY,"(Valenciennes in Cuvier and Valenciennes, 1837)"
NA,GOBIOSOMA BOSC,738,171789,NAKED GOBY,"(Lacepede, 1800)"
NA,GOBIIDAE,739,171746,GOBY UNCL,NA
NA,ACANTHURUS BAHIANUS,740,172252,OCEAN SURGEON,"Castelnau, 1855"
NA,ACANTHURUS CHIRURGUS,741,172253,DOCTORFISH,"(Bloch, 1787)"
NA,ACANTHURUS COERULEUS,742,172254,BLUE TANG,"Schneider, 1801"
NA,EUTHYNNUS ALLETTERATUS,743,172402,LITTLE TUNNY,"(Rafinesque, 1810)"
NA,SCOMBEROMORUS CAVALLA,744,172435,KING MACKEREL,"(Cuvier, 1829)"
NA,SCOMBEROMORUS MACULATUS,745,172436,SPANISH MACKEREL,"(Mitchill, 1815)"
NA,SCOMBEROMORUS REGALIS,746,172437,CERO,"(Bloch, 1793)"
NA,THUNNUS THYNNUS,747,172421,BLUEFIN TUNA,"(Linnaeus, 1758)"
NA,ARIOMMA REGULUS,748,172540,SPOTTED DRIFTFISH,"(Poey, 1868)"
NA,PEPRILUS ALEPIDOTUS,749,172570,HARVESTFISH,"(Linnaeus, 1766)"
NA,STROMATEIDAE,750,172563,BUTTERFISH UNCL,NA
NA,NEOMERINTHE HEMINGWAYI,751,166794,SPINYCHEEK SCORPIONFISH,"Fowler, 1935"
NA,PONTINUS RATHBUNI,752,166803,HIGHFIN SCORPIONFISH,"Goode and Bean, 1896"
NA,SCORPAENA AGASSIZI,753,166812,LONGFIN SCORPIONFISH,"Goode and Bean, 1896"
NA,SCORPAENA BRASILIENSIS,754,166816,BARBFISH,"Cuvier, 1829"
NA,SCORPAENA CALCARATA,755,166817,SMOOTHHEAD SCORPIONFISH,"Goode and Bean, 1882"
NA,SCORPAENA DISPAR,756,166818,HUNCHBACK SCORPIONFISH,"Longley and Hildebrand, 1940"
NA,SCORPAENA GRANDICORNIS,757,166820,PLUMED SCORPIONFISH,"Cuvier, 1829"
NA,SCORPAENA PLUMIERI,758,166825,SPOTTED SCORPIONFISH,"Bloch, 1789"
NA,SCORPAENIDAE,759,166704,SCORPIONFISH AND ROCKFISH UNCL,NA
NA,BELLATOR BRACHYCHIR,760,166998,SHORTFIN SEAROBIN,"(Regan, 1914)"
NA,BELLATOR EGRETTA,761,166999,STREAMER SEAROBIN,"(Goode and Bean, 1896)"
NA,BELLATOR MILITARIS,762,167000,HORNED SEAROBIN,"(Goode and Bean, 1896)"
NA,PERISTEDION GRACILE,763,167006,SLENDER SEAROBIN,"Goode and Bean, 1896"
NA,PRIONOTUS ALATUS,764,166978,SPINY SEAROBIN,"Goode and Bean, 1883"
NA,PRIONOTUS OPHRYAS,765,166986,BANDTAIL SEAROBIN,"Jordan and Swain, 1884"
NA,PRIONOTUS ROSEUS,766,166990,BLUESPOTTED SEAROBIN,"Jordan and Evermann, 1896"
NA,PRIONOTUS LONGISPINOSUS,767,166996,BIGEYE SEAROBIN,"Teague, 1951"
NA,PRIONOTUS RUBIO,768,166991,BLACKWING SEAROBIN,"Jordan, 1886"
NA,PRIONOTUS SCITULUS,769,166976,LEOPARD SEAROBIN,"Jordan and Gilbert, 1882"
NA,PRIONOTUS TRIBULUS,770,166977,BIGHEAD SEAROBIN,"Cuvier, 1829"
NA,MYOXOCEPHALUS QUADRICORNIS,772,167316,FOURHORN SCULPIN,"(Linnaeus, 1758)"
NA,PLEURONECTIDAE,773,172859,RIGHTEYE FLOUNDER UNCL,NA
NA,ANCYLOPSETTA DILECTA,774,172754,THREE-EYE FLOUNDER,"(Goode and Bean, 1883)"
NA,ANCYLOPSETTA QUADROCELLATA,775,172757,OCELLATED FLOUNDER,"Gill, 1884"
NA,BOTHUS LUNATUS,776,172759,PEACOCK FLOUNDER,"(Linnaeus, 1758)"
NA,BOTHUS OCELLATUS,777,172761,EYED FLOUNDER,"(Agassiz, 1831)"
NA,CHASCANOPSETTA LUGUBRIS,778,172773,PELICAN FLOUNDER,"Alcock, 1894"
NA,CITHARICHTHYS ARENACEUS,779,172720,SAND WHIFF,"Evermann and Marsh, 1900"
NA,CITHARICHTHYS CORNUTUS,780,172721,HORNED WHIFF,"(Guenther, 1880)"
NA,CITHARICHTHYS MACROPS,781,172724,SPOTTED WHIFF,"Dresel, 1885"
NA,CITHARICHTHYS SPILOPTERUS,782,172725,BAY WHIFF,"Guenther, 1862"
NA,CYCLOPSETTA FIMBRIATA,783,172777,SPOTFIN FLOUNDER,"(Goode and Bean, 1885)"
NA,ENGYOPHRYS SENTA,784,172779,SPINY FLOUNDER,"Ginsburg, 1933"
NA,ETROPUS CROSSOTUS,785,172729,FRINGED FLOUNDER,"Jordan and Gilbert, 1882"
NA,ETROPUS RIMOSUS,786,172732,GRAY FLOUNDER,"Goode and Bean, 1885"
NA,GASTROPSETTA FRONTALIS,787,172781,SHRIMP FLOUNDER,"Bean, 1895"
NA,PARALICHTHYS ALBIGUTTA,788,172736,GULF FLOUNDER,"Jordan and Gilbert, 1882"
NA,PARALICHTHYS LETHOSTIGMA,789,172738,SOUTHERN FLOUNDER,"Jordan and Gilbert, 1884"
NA,PARALICHTHYS SQUAMILENTUS,790,172740,BROAD FLOUNDER,"Jordan and Gilbert, 1882"
NA,SYACIUM GUNTERI,791,172791,SHOAL FLOUNDER,"Ginsburg, 1933"
NA,SYACIUM MICRURUM,792,172792,CHANNEL FLOUNDER,"Ranzani, 1840"
NA,SYACIUM PAPILLOSUM,793,172793,DUSKY FLOUNDER,"(Linnaeus, 1758)"
NA,ETROPUS ,794,172728,ETROPUS UNCL,NA
NA,BOTHIDAE,795,172714,LEFTEYE FLOUNDER UNCL,NA
NA,GYMNACHIRUS MELAS,796,172991,NAKED SOLE,"(Nichols, 1916)"
NA,SYMPHURUS CIVITATUS,797,173063,OFFSHORE TONGUEFISH,"Ginsburg, 1951"
NA,SYMPHURUS DIOMEDIANUS,798,173064,SPOTTEDFIN TONGUEFISH,"(Goode and Bean, 1886)"
NA,SYMPHURUS MINOR,799,173066,LARGESCALE TONGUEFISH,"Ginsburg, 1951"
NA,BALISTIDAE,820,173128,TRIGGERFISH FILEFISH UNCL,NA
NA,SYMPHURUS MARGINATUS,821,173065,SLENDER TONGUEFISH,NA
NA,TRICHIURIDAE,822,172378,SNAKE MACKEREL UNCL,NA
NA,RUVETTUS PRETIOSUS,823,172364,OILFISH,"Cocco, 1829"
NA,LEPIDOCYBIUM FLAVOBRUNNEUM,824,172362,ESCOLAR,"(Smith, 1849)"
NA,SYMPHURUS PLAGIUSA,825,173062,BLACKCHEEK TONGUEFISH,"(Linnaeus, 1766)"
NA,SYMPHURUS PUSILLUS,826,173070,NORTHERN TONGUEFISH,"(Goode and Bean, 1885)"
NA,SYMPHURUS UROSPILUS,827,173071,SPOTTAIL TONGUEFISH,"(Ginsberg, 1951)"
NA,PARAHOLLARDIA LINEATA,829,173121,JAMBEAU,"(Longley, 1935)"
NA,ALUTERUS HEUDELOTI,830,173132,DOTTEREL FILEFISH,"Hollard, 1855"
NA,ALUTERUS MONOCEROS,831,173133,UNICORN FILEFISH,"(Linnaeus, 1758)"
NA,ALUTERUS SCHOEPFI,832,173131,ORANGE FILEFISH,"(Walbaum, 1792)"
NA,ALUTERUS SCRIPTUS,833,173134,SCRAWLED FILEFISH,"(Osbeck, 1765)"
NA,BALISTES VETULA,834,173139,QUEEN TRIGGERFISH,"Linnaeus, 1758"
NA,CANTHIDERMIS SUFFLAMEN,835,173170,OCEAN TRIGGERFISH,"(Mitchill, 1815)"
NA,MONACANTHUS CILIATUS,836,173179,FRINGED FILEFISH,"(Mitchill, 1818)"
NA,LACTOPHRYS BICAUDALIS,837,173238,SPOTTED TRUNKFISH,"(Linnaeus, 1758)"
NA,LACTOPHRYS POLYGONIA,838,173241,HONEYCOMB COWFISH,"(Poey, 1876)"
NA,LACTOPHRYS QUADRICORNIS,839,173240,SCRAWLED COWFISH,"(Linnaeus, 1758)"
NA,LACTOPHRYS TRIGONUS,840,173237,TRUNKFISH,"(Linnaeus, 1758)"
NA,LACTOPHRYS TRIQUETER,841,173239,SMOOTH TRUNKFISH,"(Linnaeus, 1758)"
NA,CANTHIGASTER ROSTRATA,842,173320,SHARPNOSE PUFFER,"(Bloch, 1782)"
NA,SPHOEROIDES DORSALIS,843,173294,MARBLED PUFFER,"Longley, 1934"
NA,SPHOEROIDES NEPHELUS,844,173297,SOUTHERN PUFFER,"(Goode and Bean, 1882)"
NA,SPHOEROIDES SPENGLERI,845,173300,BANDTAIL PUFFER,"(Bloch, 1782)"
NA,SPHOEROIDES TESTUDINEUS,846,173291,CHECKERED PUFFER,"(Linnaeus, 1758)"
NA,CHILOMYCTERUS ANTILLARUM,847,173386,WEB BURRFISH,"Jordan and Rutter, 1897"
NA,CHILOMYCTERUS ATINGA,848,173387,SPOTTED BURRFISH,"(Linnaeus, 1758)"
NA,DIODON HOLOCANTHUS,849,173392,BALLOONFISH,"Linnaeus, 1758"
NA,DIODON HYSTRIX,850,173391,PORCUPINEFISH,"Linnaeus, 1758"
NA,ENGRAULIDAE,851,553173,ANCHOVY UNCL,NA
NA,SYNODONTIDAE,852,162374,LIZARDFISH UNCL,NA
NA,PARALICHTHYS ,853,172734,SUMMER FLOUNDERS,NA
NA,POMACENTRUS VARIABILIS,854,170186,COCOA DAMSELFISH,"Castelnau, 1855"
NA,CHAETODONTIDAE,855,169554,BUTTERFLYFISH UNCL,NA
NA,ARGENTINA STRIATA,856,162067,STRIATED ARGENTINE,"Goode and Bean, 1895"
NA,URANOSCOPIDAE,857,171053,STARGAZER UNCL,NA
NA,SCIAENIDAE,858,169237,DRUM UNCL,NA
NA,ANCHOA LYOLEPIS,859,161842,DUSKY ANCHOVY,"(Evermann and Marsh, 1900)"
NA,SCOMBRIDAE,860,172398,MACKEREL AND TUNA UNCL,NA
NA,TETRAODONTIDAE,861,173283,PUFFER UNCL,NA
NA,CHAUNAX STIGMAEUS,862,164572,REDEYE GAPER,"Fowler, 1946"
NA,EPINEPHELUS MYSTACINUS,863,167703,MISTY GROUPER,"(Poey, 1852)"
NA,PROGNATHODES ACULEATUS,864,169593,LONGSNOUT BUTTERFLYFISH,"(Poey, 1860)"
NA,ENGRAULIS EURYSTOLE,865,161830,SILVER ANCHOVY,"(Swain and Meek, 1884)"
NA,CITHARICHTHYS ,866,172715,SANDDABS,NA
NA,LAEMONEMA BARBATULUM,867,164675,NA,"Goode and Bean, 1883"
NA,OPHIDION SELENOPS,869,164843,MOONEYE CUSK-EEL,"Robins and Boehlke, 1959"
NA,GYMNOTHORAX SAXICOLA,870,161192,HONEYCOMB MORAY,"Jordan and Davis, 1891"
NA,PRIONOTUS STEARNSI,871,166994,SHORTWING SEAROBIN,"Jordan and Swain, 1884"
NA,EUCINOSTOMUS ARGENTEUS,872,169015,SPOTFIN MOJARRA,"Baird and Girard in Baird, 1855"
NA,BOTHUS ROBINSI,873,172762,TWOSPOT FLOUNDER,"Topp and Hoff, 1972"
NA,GEMPYLUS SERPENS,874,172360,SNAKE MACKEREL,"Cuvier, 1829"
NA,HARENGULA JAGUANA,875,161755,SCALED SARDINE,"Poey, 1865"
NA,CUBICEPS PAUCIRADIATUS,876,172546,BIGEYE CIGARFISH,"Guenther, 1872"
NA,SERIOLA FASCIATA,877,168690,LESSER AMBERJACK,"(Bloch, 1797)"
NA,HAEMULON STRIATUM,878,169073,STRIPED GRUNT,"(Linnaeus, 1758)"
NA,ECHIOPHIS PUNCTIFER,879,161553,SNAPPER EEL,"(Kaup, 1860)"
NA,SPHOEROIDES PACHYGASTER,880,173298,BLUNTHEAD PUFFER,"(Mueller and Troschel, 1848)"
NA,GOBIESOX STRUMOSUS,881,164460,SKILLETFISH,"Cope, 1870"
NA,CITHARICHTHYS GYMNORHINUS,882,172723,ANGLEFIN WHIFF,"Gutherz and Blackman, 1970"
NA,OGCOCEPHALUS RADIATUS,883,164579,POLKA-DOT BATFISH,"(Mitchill, 1818)"
NA,TRACHYSCORPIA CRISTULATA,885,166859,ATLANTIC THORNYHEAD,"(Goode and Bean, 1896)"
NA,GONOSTOMATIDAE,887,162163,LIGHTFISH UNCL,NA
NA,APOGON AUROLINEATUS,888,168201,BRIDLE CARDINALFISH,"(Mowbray, 1927)"
NA,ANCHOA CUBANA,889,161840,CUBAN ANCHOVY,"(Poey, 1868)"
NA,ARIOMMA MELANUM,891,172538,BROWN DRIFTFISH,"(Ginsburg, 1954)"
NA,GLOSSANODON PYGMAEUS,892,162074,PYGMY ARGENTINE,"Cohen, 1958"
NA,SALMO SALAR,894,161996,ATLANTIC SALMON,"Linnaeus, 1758"
NA,RYPTICUS SUBBIFRENATUS,895,167991,SPOTTED SOAPFISH,"(Gill, 1861)"
NA,PARALEPIDIDAE ,896,162463,BARRACUDINAS,NA
NA,LOPHIUS GASTROPHYSUS,897,164500,BLACKFIN GOOSEFISH,"Ribeiro, 1915"
NA,URASPIS SECUNDA,898,168746,COTTONMOUTH JACK,"(Poey, 1860)"
NA,CYTTOPSIS ROSEA,899,166280,RED DORY,"(Goode and Bean, 1896)"
NA,LOPHIIFORMES,900,164495,LOPHIIFORM UNCL,NA
NA,GASTEROSTEUS WHEATLANDI,901,166385,BLACKSPOTTED STICKLEBACK,"Putnam, 1867"
NA,PUNGITIUS PUNGITIUS,902,166387,NINESPINE STICKLEBACK,"(Linnaeus, 1758)"
NA,PLEOTICUS ROBUSTUS,910,95966,ROYAL RED SHRIMP,"(Smith, 1885)"
NA,PLESIOPENAEUS EDWARDSIANUS,911,96071,SCARLET GAMBA SHRIMP,"(Johnson, 1868)"
NA,CALOCARIS TEMPLEMANI,912,97707,NA,"Squires, 1965"
NA,PENAEUS AZTECUS,913,95605,BROWN SHRIMP,"Ives, 1891"
NA,PENAEUS DUORARUM,914,95608,PINK SHRIMP,"Burkenroad, 1939"
NA,PENAEUS SETIFERUS,915,95610,WHITE SHRIMP,"(Linnaeus, 1767)"
NA,BREVIRAJA PLUTONIA,924,160911,LONGTAIL SKATE,"Garman, 1881 (syn)"
NA,ALOPIAS VULPINUS,925,159916,THRESHER SHARK,"(Bonnaterre, 1788)"
NA,ALOPIAS SUPERCILIOSUS,926,159921,BIGEYE THRESHER SHARK,"(Lowe, 1841)"
NA,ISURUS PAUCUS,927,159926,LONGFIN MAKO,"Guitart Manday, 1966"
NA,CARCHARHINUS ISODON,928,160409,FINETOOTH SHARK,"(Muller and Henle, 1839)"
NA,CARCHARHINUS ALTIMUS,929,160307,BIGNOSE SHARK,"(Springer, 1950)"
NA,CARCHARHINUS LONGIMANUS,930,160330,OCEANIC WHITETIP SHARK,"(Poey, 1861)"
NA,CARCHARHINUS BREVIPINNA,931,160401,SPINNER SHARK,"(Muller and Henle, 1839)"
NA,CARCHARHINUS POROSUS,932,160340,SMALLTAIL SHARK,"(Ranzani, 1840)"
NA,CARCHARHINUS PEREZII,933,160336,REEF SHARK,"(Poey, 1876)"
NA,CARCHARHINUS SIGNATUS,934,160413,NIGHT SHARK,"(Poey, 1868)"
NA,MUSTELUS NORRISI,935,160234,FLORIDA SMOOTHHOUND,"Springer, 1939"
NA,TRIAKIS SEMIFASCIATA,936,160448,LEOPARD SHARK,"Girard, 1855"
NA,SPHYRNA MEDIA,937,160524,SCOOPHEAD SHARK,"Springer, 1940"
NA,SARDA ORIENTALIS,938,172410,STRIPED BONITO,"(Temminck and Schlegel, 1844)"
NA,ISTIOPHORUS PLATYPTERUS,939,172488,SAILFISH,"(Shaw and Nodder, 1792)"
NA,MAKAIRA INDICA,940,172492,BLACK MARLIN,"(Cuvier, 1832)"
NA,TETRAPTURUS ANGUSTIROSTRIS,941,172503,SHORTBILL SPEARFISH,"Tanaka, 1915"
NA,TETRAPTURUS AUDAX,942,172504,STRIPED MARLIN,"(Philippi, 1887)"
NA,TETRAPTURUS PFLUEGERI,943,172502,LONGBILL SPEARFISH,"Robins and De Sylva, 1963"
NA,CARETTA CARETTA,950,173830,LOGGERHEAD SEATURTLE,"(Linnaeus, 1758)"
NA,CHELONIA MYDAS,951,173833,GREEN SEATURTLE,"(Linnaeus, 1758)"
NA,DERMOCHELYS CORIACEA,952,173843,LEATHERBACK SEATURTLE,"(Vandelli, 1761)"
NA,ERETMOCHELYS IMBRICATA,953,173836,HAWKSBILL SEATURTLE,"(Linnaeus, 1766)"
NA,LEPIDOCHELYS KEMPI,954,173839,KEMP'S RIDLEY SEATURTLE,"(Garman, 1880) (syn)"
NA,TRASH SPECIES IN CATCH,998,NA,TRASH,NA
