CRUISEID,YR,SOURCE,VESSEL,CRUISE_NO,STARTCRU,ENDCRU,TITLE,NOTE
1,1982,US,4,125,1982-02-24,1982-03-31,Spring Groundfish Survey,0
2,1982,US,4,126,1982-04-15,1982-05-25,Spring SEAMAP Plankton Survey,0
3,1982,FL,9,821,1982-05-16,1982-05-16,Spring SEAMAP Plankton Survey,0
4,1982,LA,25,821,1982-06-01,1982-07-13,Spring SEAMAP Plankton Survey,0
5,1982,US,4,127,1982-06-01,1982-07-14,Summer SEAMAP Groundfish Survey,0
6,1982,MS,17,821,1982-06-06,1982-06-10,Summer SEAMAP Groundfish Survey,0
7,1982,AL,23,821,1982-06-08,1982-06-03,Summer SEAMAP Groundfish Survey,0
8,1982,FL,9,822,1982-06-08,1982-06-13,Spring SEAMAP Plankton Survey,0
9,1982,US,20,823,1982-06-16,1982-07-06,Summer Groundfish Survey,0
10,1982,FL,9,823,1982-06-20,1982-06-22,Spring SEAMAP Plankton Survey,0
11,1982,TX,16,823,1982-06-23,1982-06-26,Summer SEAMAP Groundfish Survey,0
12,1982,TX,16,824,1982-06-30,1982-07-01,Summer SEAMAP Groundfish Survey,0
13,1982,TX,24,825,1982-07-09,1982-07-13,Summer SEAMAP Groundfish Survey,0
14,1983,US,4,133,1983-03-08,1983-04-13,Spring Groundfish Survey,0
15,1983,US,4,134,1983-04-22,1983-05-23,Spring SEAMAP Plankton Survey,0
16,1983,US,4,135,1983-06-01,1983-06-16,Summer SEAMAP Groundfish Survey,0
17,1983,MS,17,831,1983-06-07,1983-06-14,Summer SEAMAP Groundfish Survey,0
18,1983,AL,23,831,1983-06-09,1983-07-02,Summer SEAMAP Groundfish Survey,0
19,1983,LA,25,831,1983-06-13,1983-06-16,Summer SEAMAP Groundfish Survey,0
20,1983,FL,26,831,1983-06-15,1983-07-05,Spring SEAMAP Plankton Survey,0
21,1983,TX,16,831,1983-06-21,1983-06-22,Summer SEAMAP Groundfish Survey,0
22,1983,LA,25,832,1983-06-21,1983-06-23,Summer SEAMAP Groundfish Survey,0
23,1983,FL,9,831,1983-06-26,1983-06-29,Spring SEAMAP Plankton Survey,0
24,1983,TX,16,832,1983-06-29,1983-07-01,Summer SEAMAP Groundfish Survey,0
25,1983,LA,25,833,1983-07-05,1983-07-05,Spring SEAMAP Plankton Survey,0
26,1983,TX,16,833,1983-07-06,1983-07-11,Summer SEAMAP Groundfish Survey,0
27,1983,FL,9,832,1983-07-12,1983-07-14,Fall SEAMAP Plankton Survey,0
28,1983,US,4,138,1983-10-12,1983-11-14,Fall Groundfish Survey,0
29,1983,LA,25,834,1983-10-17,1983-11-17,Fall SEAMAP Plankton Survey,0
30,1983,MS,17,832,1983-10-18,1983-10-18,Fall SEAMAP Plankton Survey,0
31,1983,US,4,140,1983-12-08,1983-12-21,Winter SEAMAP Plankton Survey,0
32,1984,US,4,142,1984-03-08,1984-04-11,Spring Groundfish/Plankton Survey,0
33,1984,US,4,143,1984-04-21,1984-05-22,Spring SEAMAP Plankton Survey,0
34,1984,LA,25,841,1984-06-05,1984-06-20,Summer SEAMAP Groundfish Survey,0
35,1984,US,4,145,1984-06-06,1984-06-06,Summer SEAMAP Groundfish Survey,0
36,1984,AL,23,841,1984-06-06,1984-07-25,Summer SEAMAP Groundfish Survey,0
37,1984,MS,17,841,1984-06-08,1984-07-27,Summer SEAMAP Groundfish Survey,0
38,1984,LA,25,842,1984-07-09,1984-07-24,Summer SEAMAP Groundfish Survey,0
39,1984,US,4,146,1984-08-02,1984-08-27,Fall SEAMAP Plankton Survey,0
40,1984,LA,25,843,1984-08-14,1984-10-24,Fall SEAMAP Plankton Survey,0
41,1984,FL,30,841,1984-08-25,1984-08-29,Fall SEAMAP Plankton Survey,0
42,1984,US,4,148,1984-10-09,1984-11-14,Fall Groundfish Survey,0
43,1984,LA,25,844,1984-10-31,1984-11-28,Fall SEAMAP Plankton Survey,0
44,1984,MS,17,842,1984-11-07,1984-11-08,Winter SEAMAP Plankton Survey,0
45,1984,US,4,149,1984-12-01,1984-12-17,Winter SEAMAP Plankton Survey,0
46,1985,US,4,151,1985-03-05,1985-03-28,Spring Groundfish Survey,0
47,1985,FL,30,851,1985-06-05,1985-06-14,Spring SEAMAP Plankton Survey,0
48,1985,US,4,153,1985-06-10,1985-06-10,Summer SEAMAP Groundfish Survey,0
49,1985,LA,25,851,1985-06-10,1985-06-26,Summer SEAMAP Groundfish Survey,0
50,1985,AL,23,851,1985-06-10,1985-07-15,Summer SEAMAP Groundfish Survey,0
51,1985,MS,17,851,1985-06-10,1985-06-12,Summer SEAMAP Groundfish Survey,0
52,1985,TX,32,851,1985-06-15,1985-06-26,Summer SEAMAP Groundfish Survey,0
53,1985,LA,35,852,1985-06-18,1985-06-21,Summer SEAMAP Groundfish Survey,0
54,1985,TX,31,851,1985-06-26,1985-06-29,Summer SEAMAP Groundfish Survey,0
55,1985,TX,33,851,1985-06-29,1985-07-01,Summer SEAMAP Groundfish Survey,0
56,1985,LA,35,853,1985-07-22,1985-07-25,Summer SEAMAP Groundfish Survey,0
57,1985,US,4,154,1985-07-30,1985-08-26,SEAMAP Butterfish Survey,0
58,1985,MS,17,852,1985-08-02,1985-08-13,SEAMAP Butterfish Survey,0
59,1985,MS,17,854,1985-08-22,1985-08-24,Summer SEAMAP Groundfish Survey,0
60,1985,LA,35,854,1985-09-16,1985-10-04,Fall Groundfish Survey,0
61,1985,US,4,156,1985-10-15,1985-10-15,Fall Groundfish Survey,0
62,1985,AL,23,852,1985-10-15,1985-10-15,Fall Groundfish Survey,0
63,1985,LA,25,855,1985-11-05,1985-11-07,Winter SEAMAP Plankton Survey,0
64,1985,MS,17,853,1985-11-12,1985-11-14,Fall Groundfish Survey,0
65,1985,TX,34,852,1985-11-16,1985-11-17,Fall Groundfish Survey,0
66,1985,TX,32,852,1985-11-18,1985-11-19,Fall Groundfish Survey,0
67,1985,TX,31,852,1985-11-21,1985-11-21,Fall Groundfish Survey,0
68,1985,TX,33,852,1985-11-22,1985-11-22,Fall Groundfish Survey,0
69,1985,LA,35,856,1985-12-03,1985-12-13,Winter SEAMAP Trawl Survey,0
70,1986,US,4,159,1986-04-22,1986-05-22,Spring SEAMAP Plankton Survey,0
71,1986,FL,54,861,1986-05-04,1986-05-06,Spring SEAMAP Plankton Survey,0
72,1986,LA,35,861,1986-05-05,1986-05-08,Spring SEAMAP Trawl Survey,0
73,1986,MS,17,861,1986-05-13,1986-05-30,SEAMAP Butterfish Survey,0
74,1986,MS,17,862,1986-06-10,1986-06-12,Summer SEAMAP Groundfish Survey,0
75,1986,AL,23,861,1986-06-10,1986-07-17,Summer SEAMAP Groundfish Survey,0
76,1986,US,4,160,1986-06-10,1986-07-18,Summer SEAMAP Groundfish Survey,0
77,1986,LA,25,862,1986-06-11,1986-06-19,Summer SEAMAP Groundfish Survey,0
78,1986,LA,35,863,1986-06-16,1986-06-19,Summer SEAMAP Groundfish Survey,0
79,1986,TX,33,861,1986-06-22,1986-06-23,Summer SEAMAP Groundfish Survey,0
80,1986,TX,31,861,1986-06-23,1986-06-24,Summer SEAMAP Groundfish Survey,0
81,1986,TX,34,861,1986-06-23,1986-06-25,Summer SEAMAP Groundfish Survey,0
82,1986,TX,32,861,1986-06-23,1986-06-24,Summer SEAMAP Groundfish Survey,0
83,1986,MS,17,863,1986-07-15,1986-07-18,Summer SEAMAP Groundfish Survey,0
84,1986,US,4,161,1986-09-03,1986-09-26,Fall SEAMAP Plankton Survey,0
85,1986,FL,36,862,1986-09-06,1986-09-13,Fall SEAMAP Plankton Survey,0
86,1986,MS,17,864,1986-09-08,1986-09-10,Fall SEAMAP Plankton Survey,0
87,1986,US,28,865,1986-09-13,1986-09-22,Fall SEAMAP Plankton Survey,0
88,1986,AL,23,862,1986-09-22,1986-09-18,Fall SEAMAP Plankton Survey,0
89,1986,US,4,163,1986-10-23,1986-11-23,Fall SEAMAP Groundfish Survey,0
90,1986,LA,35,864,1986-10-27,1986-10-30,Fall SEAMAP Groundfish Survey,0
91,1986,AL,23,863,1986-10-28,1986-10-28,Fall SEAMAP Groundfish Survey,0
92,1986,MS,17,865,1986-10-29,1986-10-31,Fall SEAMAP Groundfish Survey,0
93,1986,LA,25,865,1986-11-05,1986-11-06,Fall SEAMAP Groundfish Survey,0
94,1986,FL,36,864,1986-11-15,1986-11-21,Winter SEAMAP Plankton Survey,0
95,1986,TX,33,862,1986-11-17,1986-11-17,Fall SEAMAP Groundfish Survey,0
96,1986,TX,32,862,1986-11-17,1986-11-17,Fall SEAMAP Groundfish Survey,0
97,1986,TX,31,862,1986-11-17,1986-11-17,Fall SEAMAP Groundfish Survey,0
98,1986,TX,34,862,1986-11-18,1986-11-20,Fall SEAMAP Groundfish Survey,0
99,1986,LA,35,866,1986-12-01,1986-12-04,Winter SEAMAP Trawl Survey,0
100,1987,MS,17,871,1987-04-09,1987-04-18,SEAMAP Butterfish Survey,0
101,1987,LA,35,871,1987-04-14,1987-05-20,Spring SEAMAP Trawl Survey,0
102,1987,US,4,166,1987-04-15,1987-05-22,Spring SEAMAP Plankton Survey,0
103,1987,FL,36,873,1987-05-01,1987-05-09,Spring SEAMAP Plankton Survey,0
104,1987,TX,31,871,1987-06-02,1987-06-16,Summer SEAMAP Groundfish Survey,0
105,1987,TX,32,871,1987-06-02,1987-06-16,Summer SEAMAP Groundfish Survey,0
106,1987,TX,40,871,1987-06-03,1987-06-16,Summer SEAMAP Groundfish Survey,0
107,1987,TX,33,871,1987-06-06,1987-06-17,Summer SEAMAP Groundfish Survey,0
108,1987,TX,34,871,1987-06-11,1987-06-16,Summer SEAMAP Groundfish Survey,0
109,1987,US,4,167,1987-06-11,1987-07-14,Summer SEAMAP Groundfish Survey,0
110,1987,MS,17,872,1987-06-11,1987-06-12,Summer SEAMAP Groundfish Survey,0
111,1987,AL,23,871,1987-06-12,1987-06-12,Summer SEAMAP Groundfish Survey,0
112,1987,LA,25,873,1987-07-06,1987-07-09,Summer SEAMAP Groundfish Survey,0
113,1987,LA,35,872,1987-07-07,1987-07-11,Summer SEAMAP Groundfish Survey,0
114,1987,AL,23,872,1987-07-10,1987-07-15,Summer SEAMAP Groundfish Survey,0
115,1987,FL,36,875,1987-09-01,1987-09-08,Fall SEAMAP Plankton Survey,0
116,1987,US,4,169,1987-09-12,1987-09-27,Fall SEAMAP Plankton Survey,0
117,1987,MS,17,873,1987-09-15,1987-09-18,Fall SEAMAP Plankton Survey,0
118,1987,AL,23,873,1987-09-16,1987-09-16,Fall SEAMAP Plankton Survey,0
119,1987,LA,35,874,1987-09-28,1987-10-01,Fall SEAMAP Groundfish Survey,0
120,1987,LA,35,876,1987-10-20,1987-10-20,Fall SEAMAP Groundfish Survey,0
121,1987,US,4,171,1987-10-23,1987-11-22,Fall SEAMAP Groundfish Survey,0
122,1987,MS,17,874,1987-10-25,1987-10-26,Fall SEAMAP Groundfish Survey,0
123,1987,AL,23,874,1987-10-26,1987-10-26,Fall SEAMAP Groundfish Survey,0
124,1987,AL,23,875,1987-10-28,1987-11-02,Fall SEAMAP Groundfish Survey,0
125,1987,TX,40,872,1987-11-01,1987-11-24,Fall SEAMAP Groundfish Survey,0
126,1987,TX,31,872,1987-11-02,1987-11-18,Fall SEAMAP Groundfish Survey,0
127,1987,TX,34,872,1987-11-03,1987-11-30,Fall SEAMAP Groundfish Survey,0
128,1987,TX,33,872,1987-11-03,1987-11-30,Fall SEAMAP Groundfish Survey,0
129,1987,TX,32,872,1987-11-03,1987-11-21,Fall SEAMAP Groundfish Survey,0
130,1987,LA,25,875,1987-11-12,1987-11-13,Fall SEAMAP Groundfish Survey,0
131,1987,LA,35,877,1987-11-30,1987-12-03,Fall SEAMAP Groundfish Survey,0
132,1988,LA,35,881,1988-03-28,1988-03-31,Spring SEAMAP Trawl Survey,0
133,1988,US,4,173,1988-04-20,1988-05-26,Spring SEAMAP Plankton Survey,0
134,1988,FL,36,881,1988-05-02,1988-05-07,Spring SEAMAP Plankton Survey,0
135,1988,TX,31,881,1988-06-02,1988-06-23,Summer SEAMAP Groundfish Survey,0
136,1988,TX,40,881,1988-06-02,1988-06-16,Summer SEAMAP Groundfish Survey,0
137,1988,TX,34,881,1988-06-03,1988-06-21,Summer SEAMAP Groundfish Survey,0
138,1988,TX,32,881,1988-06-03,1988-06-22,Summer SEAMAP Groundfish Survey,0
139,1988,MS,17,881,1988-06-11,1988-07-11,Summer SEAMAP Groundfish Survey,0
140,1988,US,4,174,1988-06-13,1988-07-14,Summer SEAMAP Groundfish Survey,0
141,1988,TX,33,881,1988-06-14,1988-06-23,Summer SEAMAP Groundfish Survey,0
142,1988,AL,23,881,1988-06-16,1988-06-17,Summer SEAMAP Groundfish Survey,0
143,1988,LA,25,883,1988-07-05,1988-07-14,Summer SEAMAP Groundfish Survey,0
144,1988,LA,35,882,1988-07-11,1988-07-14,Summer SEAMAP Groundfish Survey,0
145,1988,AL,23,882,1988-07-12,1988-07-12,Summer SEAMAP Groundfish Survey,0
146,1988,US,4,176,1988-08-25,1988-09-28,Fall SEAMAP Plankton Survey,0
147,1988,FL,36,882,1988-08-26,1988-09-02,Fall SEAMAP Plankton Survey,0
148,1988,AL,23,883,1988-09-12,1988-09-12,Fall SEAMAP Plankton Survey,0
149,1988,MS,17,882,1988-09-13,1988-09-30,Fall SEAMAP Plankton Survey,0
150,1988,LA,35,884,1988-10-03,1988-10-12,Fall SEAMAP Groundfish Survey,0
151,1988,US,4,177,1988-10-08,1988-10-08,Fall SEAMAP Groundfish Survey,0
152,1988,TX,33,882,1988-11-02,1988-11-23,Fall SEAMAP Groundfish Survey,0
153,1988,TX,32,882,1988-11-02,1988-11-23,Fall SEAMAP Groundfish Survey,0
154,1988,TX,40,882,1988-11-02,1988-11-22,Fall SEAMAP Groundfish Survey,0
155,1988,LA,25,885,1988-11-03,1988-11-14,Fall SEAMAP Groundfish Survey,0
156,1988,TX,34,882,1988-11-08,1988-11-23,Fall SEAMAP Groundfish Survey,0
157,1988,MS,17,883,1988-11-09,1988-11-12,Fall SEAMAP Groundfish Survey,0
158,1988,TX,31,882,1988-11-13,1988-12-06,Fall SEAMAP Groundfish Survey,0
159,1988,LA,35,886,1988-11-28,1988-12-15,Winter SEAMAP Trawl Survey,0
160,1989,LA,35,891,1989-03-20,1989-04-09,Spring SEAMAP Trawl Survey,0
161,1989,US,49,892,1989-04-24,1989-05-19,Spring SEAMAP Plankton Survey,0
162,1989,FL,36,891,1989-05-11,1989-05-16,Spring SEAMAP Plankton Survey,0
163,1989,TX,40,891,1989-06-02,1989-06-20,Summer SEAMAP Groundfish Survey,0
164,1989,TX,33,891,1989-06-06,1989-06-16,Summer SEAMAP Groundfish Survey,0
165,1989,TX,34,891,1989-06-06,1989-06-19,Summer SEAMAP Groundfish Survey,0
166,1989,TX,32,891,1989-06-06,1989-06-20,Summer SEAMAP Groundfish Survey,0
167,1989,AL,23,891,1989-06-07,1989-06-07,Summer SEAMAP Groundfish Survey,0
168,1989,TX,31,891,1989-06-07,1989-06-20,Summer SEAMAP Groundfish Survey,0
169,1989,MS,17,891,1989-06-09,1989-07-11,Summer SEAMAP Groundfish Survey,0
170,1989,US,4,180,1989-06-16,1989-07-16,Summer SEAMAP Groundfish Suvey,0
171,1989,LA,35,892,1989-07-10,1989-07-13,Summer SEAMAP Groundfish Survey,0
172,1989,LA,25,893,1989-07-10,1989-07-12,Summer SEAMAP Groundfish Survey,0
173,1989,AL,23,892,1989-07-11,1989-07-14,Summer SEAMAP Groundfish Survey,0
174,1989,US,4,183,1989-09-02,1989-09-29,Fall SEAMAP Plankton Survey,0
175,1989,AL,23,893,1989-09-12,1989-09-12,Fall SEAMAP Plankton Survey,0
176,1989,MS,17,892,1989-09-16,1989-09-19,Fall SEAMAP Plankton Survey,0
177,1989,LA,35,894,1989-10-02,1989-10-06,Fall SEAMAP Groundfish Survey,0
178,1989,FL,36,892,1989-10-04,1989-10-11,Fall SEAMAP Plankton Survey,0
179,1989,US,4,184,1989-10-16,1989-11-19,Fall SEAMAP Groundfish Survey,0
180,1989,AL,23,894,1989-10-25,1989-10-25,Fall SEAMAP Groundfish Survey,0
181,1989,TX,33,892,1989-11-01,1989-11-21,Fall SEAMAP Groundfish Survey,0
182,1989,TX,40,892,1989-11-07,1989-11-21,Fall SEAMAP Groundfish Survey,0
183,1989,TX,32,892,1989-11-10,1989-12-21,Fall SEAMAP Groundfish Survey,0
184,1989,LA,35,896,1989-11-11,1989-11-12,SEAMAP Comparitive Tow,0
185,1989,TX,34,892,1989-11-12,1989-11-21,Fall SEAMAP Groundfish Survey,0
186,1989,LA,25,895,1989-11-13,1989-11-20,Fall SEAMAP Groundfish Survey,0
187,1989,TX,31,892,1989-11-13,1989-11-21,Fall SEAMAP Groundfish Survey,0
188,1989,MS,17,893,1989-11-17,1989-11-20,Fall SEAMAP Groundfish Survey,0
189,1989,LA,35,897,1989-12-13,1989-12-14,Winter SEAMAP Trawl Survey,0
190,1990,LA,35,901,1990-04-11,1990-04-13,Spring SEAMAP Trawl Survey,0
191,1990,US,4,187,1990-04-20,1990-05-24,Spring SEAMAP Plankton Survey,0
192,1990,FL,36,901,1990-05-24,1990-05-30,Spring SEAMAP Plankton Survey,0
193,1990,US,4,188,1990-05-30,1990-06-05,Reef Fish Survey,0
194,1990,US,28,904,1990-05-30,1990-06-30,Spring SEAMAP Plankton Survey,0
195,1990,AL,23,901,1990-06-07,1990-06-11,Summer SEAMAP Groundfish Survey,0
196,1990,MS,17,901,1990-06-09,1990-08-07,Summer SEAMAP Groundfish Survey,0
197,1990,TX,33,901,1990-06-10,1990-06-18,Summer SEAMAP Groundfish Survey,0
198,1990,TX,32,901,1990-06-11,1990-06-18,Summer SEAMAP Groundfish Survey,0
199,1990,TX,31,901,1990-06-12,1990-06-19,Summer SEAMAP Groundfish Survey,0
200,1990,TX,40,901,1990-06-12,1990-06-18,Summer SEAMAP Groundfish Survey,0
201,1990,TX,34,901,1990-06-13,1990-06-21,Summer SEAMAP Groundfish Survey,0
202,1990,US,4,189,1990-06-14,1990-07-13,Summer SEAMAP Groundfish Survey,0
203,1990,LA,25,903,1990-07-09,1990-07-11,Summer SEAMAP Groundfish Survey,0
204,1990,LA,35,902,1990-07-09,1990-07-12,Summer SEAMAP Groundfish Survey,0
205,1990,AL,23,902,1990-07-12,1990-07-12,Summer SEAMAP Groundfish Survey,0
206,1990,US,4,190,1990-09-02,1990-09-29,Fall SEAMAP Plankton Survey,0
207,1990,MS,17,902,1990-09-07,1990-09-16,Fall SEAMAP Plankton Survey,0
208,1990,AL,23,903,1990-09-19,1990-09-19,Fall SEAMAP Plankton Survey,0
209,1990,LA,35,904,1990-10-01,1990-10-04,Fall SEAMAP Groundfish Survey,0
210,1990,US,4,191,1990-10-12,1990-11-18,Fall SEAMAP Groundfish Survey,0
211,1990,FL,36,902,1990-10-13,1990-10-18,Fall SEAMAP Plankton Survey,0
212,1990,TX,33,902,1990-11-01,1990-11-16,Fall SEAMAP Groundfish Survey,0
213,1990,TX,32,902,1990-11-01,1990-11-16,Fall SEAMAP Groundfish Survey,0
214,1990,TX,40,902,1990-11-01,1990-11-16,Fall SEAMAP Groundfish Survey,0
215,1990,TX,34,902,1990-11-06,1990-11-19,Fall SEAMAP Groundfish Survey,0
216,1990,LA,25,905,1990-11-07,1990-11-14,Fall SEAMAP Groundfish Survey,0
217,1990,TX,31,902,1990-11-12,1990-11-28,Fall SEAMAP Groundfish Survey,0
218,1990,AL,23,904,1990-11-13,1990-11-15,Fall SEAMAP Groundfish Survey,0
219,1990,MS,17,903,1990-11-15,1990-11-18,Fall SEAMAP Groundfish Survey,0
220,1990,LA,35,906,1990-11-26,1990-12-07,Winter SEAMAP Trawl Survey,0
221,1991,LA,35,911,1991-03-25,1991-04-04,Spring SEAMAP Trawl Survey,0
222,1991,US,4,194,1991-04-17,1991-05-22,Spring SEAMAP Plankton Survey,0
223,1991,FL,36,911,1991-05-07,1991-05-09,Spring SEAMAP Plankton Survey,0
224,1991,TX,40,911,1991-06-03,1991-06-18,Summer SEAMAP Groundfish Survey,0
225,1991,AL,23,911,1991-06-03,1991-06-05,Summer SEAMAP Groundfish Survey,0
226,1991,TX,32,911,1991-06-04,1991-06-20,Summer SEAMAP Groundfish Survey,0
227,1991,TX,34,911,1991-06-05,1991-06-18,Summer SEAMAP Groundfish Survey,0
228,1991,TX,33,911,1991-06-05,1991-06-18,Summer SEAMAP Groundfish Survey,0
229,1991,US,4,195,1991-06-11,1991-07-13,Summer SEAMAP Groundfish Survey,0
230,1991,TX,31,911,1991-06-11,1991-06-18,Summer SEAMAP Groundfish Survey,0
231,1991,MS,17,911,1991-06-14,1991-07-11,Summer SEAMAP Groundfish Survey,0
232,1991,LA,35,912,1991-07-08,1991-07-12,Summer SEAMAP Groundfish Survey,0
233,1991,LA,25,913,1991-07-09,1991-07-10,Summer SEAMAP Groundfish Survey,0
234,1991,FL,36,912,1991-08-21,1991-08-25,Fall SEAMAP Plankton Survey,0
235,1991,US,28,914,1991-08-23,1991-09-26,Fall SEAMAP Plankton Survey,0
236,1991,AL,23,912,1991-09-12,1991-09-12,Fall SEAMAP Plankton Survey,0
237,1991,MS,17,912,1991-09-14,1991-09-29,Fall SEAMAP Plankton Survey,0
238,1991,LA,35,914,1991-09-30,1991-10-04,Fall SEAMAP Groundfish Survey,0
239,1991,US,4,197,1991-10-11,1991-11-18,Fall SEAMAP Groundfish Survey,0
240,1991,AL,23,913,1991-10-17,1991-10-17,Fall SEAMAP Groundfish Survey,0
241,1991,LA,25,915,1991-11-05,1991-11-06,Fall SEAMAP Groundfish Survey,0
242,1991,TX,32,912,1991-11-06,1991-11-21,Fall SEAMAP Groundfish Survey,0
243,1991,TX,33,912,1991-11-07,1991-11-22,Fall SEAMAP Groundfish Survey,0
244,1991,TX,31,912,1991-11-10,1991-11-21,Fall SEAMAP Groundfish Survey,0
245,1991,TX,34,912,1991-11-11,1991-11-18,Fall SEAMAP Groundfish Survey,0
246,1991,TX,40,912,1991-11-13,1991-11-22,Fall SEAMAP Groundfish Survey,0
247,1991,MS,17,913,1991-11-14,1991-11-16,Fall SEAMAP Groundfish Survey,0
248,1991,LA,35,916,1991-12-02,1991-12-06,Winter SEAMAP Trawl Survey,0
249,1992,LA,35,921,1992-03-09,1992-03-13,Spring SEAMAP Trawl Survey,0
250,1992,US,4,199,1992-04-22,1992-06-07,Spring SEAMAP Plankton Survey,0
251,1992,US,28,922,1992-04-30,1992-05-13,Spring Plankton NEO-Mississippi River Survey,0
252,1992,MS,17,921,1992-05-12,1992-05-14,SEAMAP Trap Video Survey,0
253,1992,FL,26,921,1992-05-17,1992-05-21,Spring SEAMAP Plankton Survey,0
254,1992,TX,31,921,1992-06-03,1992-06-18,Summer SEAMAP Groundfish Survey,0
255,1992,TX,32,921,1992-06-03,1992-06-22,Summer SEAMAP Groundfish Survey,0
256,1992,AL,23,921,1992-06-04,1992-06-12,Summer SEAMAP Groundfish Survey,0
257,1992,TX,34,921,1992-06-04,1992-06-23,Summer SEAMAP Groundfish Survey,0
258,1992,TX,33,921,1992-06-08,1992-06-23,Summer SEAMAP Groundfish Survey,0
259,1992,TX,40,921,1992-06-09,1992-06-21,Summer SEAMAP Groundfish Survey,0
260,1992,MS,17,922,1992-06-11,1992-07-13,Summer SEAMAP Groundfish Survey,0
261,1992,US,4,200,1992-06-12,1992-07-13,Summer SEAMAP Groundfish Survey,0
262,1992,LA,35,922,1992-07-06,1992-07-09,Summer SEAMAP Groundfish Survey,0
263,1992,AL,23,920,1992-07-08,1992-09-10,SEAMAP Trap Video Survey,0
264,1992,US,28,925,1992-08-30,1992-09-20,Fall SEAMAP Plankton Survey,0
265,1992,AL,23,922,1992-09-22,1992-09-22,Fall SEAMAP Plankton Survey,0
266,1992,US,4,201,1992-09-24,1992-09-29,Fall SEAMAP Plankton Survey,0
267,1992,LA,35,923,1992-09-28,1992-10-01,Fall SEAMAP Groundfish Survey,0
268,1992,US,17,923,1992-09-29,1992-09-29,Fall SEAMAP Plankton Survey,0
269,1992,FL,26,922,1992-10-12,1992-10-19,Fall SEAMAP Plankton Survey,0
270,1992,US,4,202,1992-10-14,1992-11-19,Fall SEAMAP Groundfish Survey,0
271,1992,AL,23,923,1992-10-28,1992-10-28,Fall SEAMAP Groundfish Survey,0
272,1992,TX,34,922,1992-11-02,1992-11-17,Fall SEAMAP Groundfish Survey,0
273,1992,TX,31,922,1992-11-02,1992-11-16,Fall SEAMAP Groundfish Survey,0
274,1992,TX,32,922,1992-11-12,1992-11-16,Fall SEAMAP Groundfish Survey,0
275,1992,TX,40,922,1992-11-12,1992-11-16,Fall SEAMAP Groundfish Survey,0
276,1992,MS,17,924,1992-11-15,1992-11-17,Fall SEAMAP Groundfish Survey,0
277,1992,TX,33,922,1992-11-15,1992-11-23,Fall SEAMAP Groundfish Survey,0
278,1992,LA,35,924,1992-12-07,1992-12-11,Winter SEAMAP Trawl Survey,0
279,1993,US,4,203,1993-01-06,1993-02-12,Winter SEAMAP Plankton Survey,0
280,1993,LA,35,931,1993-03-22,1993-03-26,Spring SEAMAP Trawl Survey,0
281,1993,US,28,934,1993-04-26,1993-05-14,Spring SEAMAP Plankton Survey,0
282,1993,US,4,204,1993-05-06,1993-06-15,Spring SEAMAP Plankton Survey,0
283,1993,FL,30,931,1993-05-12,1993-05-15,Spring SEAMAP Plankton Survey,0
284,1993,MS,17,931,1993-05-19,1993-05-20,SEAMAP Trap Video Survey,0
285,1993,US,28,935,1993-05-23,1993-07-01,Spring SEAMAP Plankton Survey,0
286,1993,TX,32,931,1993-06-01,1993-06-16,Summer SEAMAP Groundfish Survey,0
287,1993,TX,34,931,1993-06-02,1993-06-16,Summer SEAMAP Groundfish Survey,0
288,1993,AL,23,931,1993-06-03,1993-06-11,Summer SEAMAP Groundfish Survey,0
289,1993,MS,17,932,1993-06-11,1993-07-08,Summer SEAMAP Groundfish Survey,0
290,1993,TX,33,931,1993-06-12,1993-06-16,Summer SEAMAP Groundfish Survey,0
291,1993,TX,40,931,1993-06-13,1993-06-16,Summer SEAMAP Groundfish Survey,0
292,1993,TX,31,931,1993-06-14,1993-06-28,Summer SEAMAP Groundfish Survey,0
293,1993,US,4,205,1993-06-19,1993-06-19,Summer SEAMAP Groundfish Survey,0
294,1993,LA,35,932,1993-07-05,1993-07-08,Summer SEAMAP Groundfish Survey,0
295,1993,AL,23,934,1993-07-29,1993-11-30,SEAMAP Trap Video Survey,0
296,1993,AL,23,930,1993-08-24,1993-09-29,SEAMAP Comparitve Tow,0
297,1993,MS,17,930,1993-08-24,1993-09-29,SEAMAP Comparitve Tow,0
298,1993,US,28,936,1993-08-30,1993-09-29,Fall SEAMAP Plankton Survey,0
299,1993,MS,17,933,1993-09-09,1993-09-11,Fall SEAMAP Plankton Survey,0
300,1993,MS,17,934,1993-09-19,1993-09-21,Fall SEAMAP Plankton Survey,0
301,1993,AL,23,932,1993-09-21,1993-09-21,Fall SEAMAP Plankton Survey,0
302,1993,LA,35,933,1993-10-04,1993-10-07,Fall SEAMAP Groundfish Survey,0
303,1993,US,4,207,1993-10-05,1993-10-06,Fall SEAMAP Plankton Survey,0
304,1993,FL,26,932,1993-10-11,1993-10-18,Fall SEAMAP Plankton Survey,0
305,1993,US,4,208,1993-10-15,1993-11-18,Fall SEAMAP Groundfish Survey,0
306,1993,AL,23,933,1993-10-25,1993-10-27,Fall SEAMAP Groundfish Survey,0
307,1993,MS,17,935,1993-10-28,1993-11-03,Fall SEAMAP Groundfish Survey,0
308,1993,TX,32,932,1993-11-01,1993-11-19,Fall SEAMAP Groundfish Survey,0
309,1993,TX,33,932,1993-11-03,1993-11-18,Fall SEAMAP Groundfish Survey,0
310,1993,TX,31,932,1993-11-03,1993-11-22,Fall SEAMAP Groundfish Survey,0
311,1993,TX,34,932,1993-11-11,1993-11-17,Fall SEAMAP Groundfish Survey,0
312,1993,TX,40,932,1993-11-11,1993-11-18,Fall SEAMAP Groundfish Survey,0
313,1993,LA,35,934,1993-11-29,1993-12-03,Winter SEAMAP Trawl Survey,0
314,1994,LA,35,941,1994-03-18,1994-03-31,Spring SEAMAP Trawl Survey,0
315,1994,US,4,209,1994-04-16,1994-06-09,Spring SEAMAP Plankton Survey,0
316,1994,LA,35,940,1994-05-09,1994-05-12,SEAMAP Comparitive Tow,0
317,1994,MS,17,940,1994-05-09,1994-05-12,Spring SEAMAP Trawl Survey,0
318,1994,FL,36,941,1994-05-20,1994-05-22,Spring SEAMAP Plankton Survey,0
319,1994,US,28,944,1994-05-20,1994-05-31,Spring Plankton Blue Fin Larval Survey,0
320,1994,TX,33,941,1994-06-01,1994-06-21,Summer SEAMAP Groundfish Survey,0
321,1994,TX,32,941,1994-06-02,1994-06-21,Summer SEAMAP Groundfish Survey,0
322,1994,AL,23,941,1994-06-02,1994-06-09,Summer SEAMAP Groundfish Survey,0
323,1994,TX,31,941,1994-06-06,1994-06-20,Summer SEAMAP Groundfish Survey,0
324,1994,TX,34,941,1994-06-07,1994-06-25,Summer SEAMAP Groundfish Survey,0
325,1994,US,28,945,1994-06-09,1994-07-21,Reef Fish Survey,0
326,1994,MS,17,941,1994-06-10,1994-07-07,Summer SEAMAP Groundfish Survey,0
327,1994,TX,40,941,1994-06-14,1994-06-20,Summer SEAMAP Groundfish Survey,0
328,1994,US,4,210,1994-06-16,1994-07-18,Summer SEAMAP Groundfish Survey,0
329,1994,LA,35,942,1994-07-04,1994-07-07,Summer SEAMAP Groundfish Survey,0
330,1994,MS,17,942,1994-08-05,1994-08-07,SEAMAP Trap Video Survey,0
331,1994,MS,17,943,1994-09-09,1994-09-11,Fall SEAMAP Plankton Survey,0
332,1994,US,28,946,1994-09-11,1994-09-29,Fall SEAMAP Plankton Survey,0
333,1994,LA,35,943,1994-09-26,1994-09-29,Fall SEAMAP Groundfish Survey,0
334,1994,AL,23,944,1994-09-26,1994-12-08,SEAMAP Trap Video Survey,0
335,1994,FL,36,942,1994-09-28,1994-10-08,Fall SEAMAP Plankton Survey,0
336,1994,AL,23,942,1994-09-28,1994-09-28,Fall SEAMAP Plankton Survey,0
337,1994,MS,17,944,1994-10-02,1994-10-02,Fall SEAMAP Plankton Survey,0
338,1994,US,4,214,1994-10-14,1994-11-20,Fall SEAMAP Groundfish Survey,0
339,1994,AL,23,943,1994-10-24,1994-10-24,Fall SEAMAP Groundfish Survey,0
340,1994,MS,17,945,1994-10-27,1994-11-13,Fall SEAMAP Groundfish Survey,0
341,1994,TX,40,942,1994-11-07,1994-11-18,Fall SEAMAP Groundfish Survey,0
342,1994,TX,34,942,1994-11-08,1994-11-18,Fall SEAMAP Groundfish Survey,0
343,1994,TX,33,942,1994-11-08,1994-11-17,Fall SEAMAP Groundfish Survey,0
344,1994,TX,31,942,1994-11-14,1994-11-17,Fall SEAMAP Groundfish Survey,0
345,1994,TX,32,942,1994-11-14,1994-11-30,Fall SEAMAP Groundfish Survey,0
346,1994,LA,35,944,1994-11-28,1994-12-02,Winter SEAMAP Trawl Survey,0
347,1995,AL,23,950,1995-01-09,1995-12-01,SEAMAP Trap Video Survey,0
348,1995,LA,35,951,1995-03-21,1995-03-25,Spring SEAMAP Trawl Survey,0
349,1995,US,4,216,1995-04-19,1995-06-07,Spring SEAMAP Plankton Survey,0
350,1995,FL,26,951,1995-04-20,1995-04-28,Spring SEAMAP Plankton Survey,0
351,1995,TX,33,951,1995-06-01,1995-06-22,Summer SEAMAP Groundfish Survey,0
352,1995,TX,40,951,1995-06-02,1995-06-20,Summer SEAMAP Groundfish Survey,0
353,1995,TX,32,951,1995-06-05,1995-06-20,Summer SEAMAP Groundfish Survey,0
354,1995,AL,23,951,1995-06-06,1995-06-08,Summer SEAMAP Groundfish Survey,0
355,1995,MS,17,951,1995-06-09,1995-07-08,Summer SEAMAP Groundfish Survey,0
356,1995,TX,34,951,1995-06-12,1995-06-20,Summer SEAMAP Groundfish Survey,0
357,1995,TX,31,951,1995-06-13,1995-06-21,Summer SEAMAP Groundfish Survey,0
358,1995,US,4,217,1995-06-17,1995-07-19,Summer SEAMAP Groundfish Survey,0
359,1995,US,28,954,1995-06-21,1995-07-28,Tuna/Reef Fish Survey,0
360,1995,LA,35,952,1995-06-26,1995-06-30,Summer SEAMAP Groundfish Survey,0
361,1995,TX,31,953,1995-08-29,1995-08-29,SEAMAP Trap Video Survey,0
362,1995,US,28,955,1995-09-06,1995-09-26,Fall SEAMAP Plankton Survey,0
363,1995,AL,23,952,1995-09-14,1995-09-14,Fall SEAMAP Plankton Survey,0
364,1995,MS,17,952,1995-09-16,1995-09-18,Fall SEAMAP Plankton Survey,0
365,1995,MS,17,953,1995-09-20,1995-09-22,SEAMAP Trap Video Survey,0
366,1995,FL,26,952,1995-09-24,1995-09-28,Fall SEAMAP Plankton Survey,0
367,1995,LA,35,953,1995-09-25,1995-09-29,Fall SEAMAP Groundfish Survey,0
368,1995,US,4,219,1995-10-16,1995-11-16,Fall SEAMAP Groundfish Survey,0
369,1995,MS,17,954,1995-10-28,1995-11-15,Fall SEAMAP Groundfish Survey,0
370,1995,TX,32,952,1995-11-07,1995-11-22,Fall SEAMAP Groundfish Survey,0
371,1995,TX,33,952,1995-11-13,1995-11-22,Fall SEAMAP Groundfish Survey,0
372,1995,TX,34,952,1995-11-13,1995-11-22,Fall SEAMAP Groundfish Survey,0
373,1995,TX,31,952,1995-11-13,1995-11-16,Fall SEAMAP Groundfish Survey,0
374,1995,TX,40,952,1995-11-13,1995-11-25,Fall SEAMAP Groundfish Survey,0
375,1995,AL,23,953,1995-12-04,1995-12-04,Winter SEAMAP Trawl Survey,0
376,1996,LA,35,960,1996-01-09,1996-01-12,Winter SEAMAP Trawl Survey,0
377,1996,US,4,220,1996-04-17,1996-06-08,Spring SEAMAP Plankton Survey,0
378,1996,AL,23,964,1996-05-08,1996-10-24,SEAMAP Trap Video Survey,0
379,1996,FL,26,961,1996-05-20,1996-05-25,Spring SEAMAP Plankton Survey,0
380,1996,TX,40,961,1996-06-03,1996-06-18,Summer SEAMAP Groundfish Survey,0
381,1996,TX,31,961,1996-06-04,1996-06-27,Summer SEAMAP Groundfish Survey,0
382,1996,TX,34,961,1996-06-04,1996-06-17,Summer SEAMAP Groundfish Survey,0
383,1996,TX,32,961,1996-06-04,1996-06-29,Summer SEAMAP Groundfish Survey,0
384,1996,TX,33,961,1996-06-04,1996-06-17,Summer SEAMAP Groundfish Survey,0
385,1996,AL,23,961,1996-06-05,1996-06-05,Summer SEAMAP Groundfish Survey,0
386,1996,MS,17,961,1996-06-06,1996-07-07,Summer SEAMAP Groundfish Survey,0
387,1996,US,4,221,1996-06-14,1996-07-17,Summer SEAMAP Groundfish Survey,0
388,1996,US,28,964,1996-06-28,1996-08-21,Reef Fish Survey,0
389,1996,LA,35,961,1996-07-01,1996-07-05,Summer SEAMAP Groundfish Survey,0
390,1996,US,28,965,1996-09-05,1996-09-25,Fall SEAMAP Plankton Survey,0
391,1996,FL,26,962,1996-09-11,1996-09-14,Fall SEAMAP Plankton Survey,0
392,1996,MS,17,962,1996-09-21,1996-09-23,Fall SEAMAP Plankton Survey,0
393,1996,LA,35,962,1996-09-30,1996-10-03,Fall SEAMAP Groundfish Survey,0
394,1996,US,4,223,1996-10-02,1996-11-23,Comparative Tow,0
395,1996,AL,23,962,1996-10-10,1996-10-10,Fall SEAMAP Plankton Survey,0
396,1996,US,4,224,1996-10-11,1996-11-22,Fall SEAMAP Groundfish Survey,0
397,1996,US,28,966,1996-10-11,1996-11-24,Small Pelegic/Acoustic/Plankton Survey,0
398,1996,MS,17,963,1996-10-21,1996-10-25,Fall SEAMAP Groundfish Survey,0
399,1996,AL,23,963,1996-10-28,1996-10-30,Fall SEAMAP Groundfish Survey,0
400,1996,TX,40,962,1996-11-05,1996-11-20,Fall SEAMAP Groundfish Survey,0
401,1996,TX,31,962,1996-11-10,1996-11-20,Fall SEAMAP Groundfish Survey,0
402,1996,TX,32,962,1996-11-11,1996-11-19,Fall SEAMAP Groundfish Survey,0
403,1996,TX,34,962,1996-11-12,1996-11-19,Fall SEAMAP Groundfish Survey,0
404,1996,TX,33,962,1996-11-13,1996-11-20,Fall SEAMAP Groundfish Survey,0
405,1996,LA,35,963,1996-12-02,1996-12-05,Winter SEAMAP Trawl Survey,0
406,1996,US,28,967,1996-12-03,1996-12-16,Winter SEAMAP Plankton Survey,0
407,1997,US,4,225,1997-04-17,1997-06-09,Spring SEAMAP Plankton Survey,0
408,1997,FL,26,971,1997-05-16,1997-05-18,Spring SEAMAP Plankton Survey,0
409,1997,TX,32,971,1997-06-02,1997-06-25,Summer SEAMAP Groundfish Survey,0
410,1997,TX,33,971,1997-06-02,1997-06-19,Summer SEAMAP Groundfish Survey,0
411,1997,TX,40,971,1997-06-03,1997-06-24,Summer SEAMAP Groundfish Survey,0
412,1997,TX,34,971,1997-06-03,1997-06-25,Summer SEAMAP Groundfish Survey,0
413,1997,AL,23,971,1997-06-04,1997-06-04,Summer SEAMAP Groundfish Survey,0
414,1997,TX,31,971,1997-06-04,1997-06-26,Summer SEAMAP Groundfish Survey,0
415,1997,MS,17,971,1997-06-06,1997-07-11,Summer SEAMAP Groundfish Survey,0
416,1997,US,4,226,1997-06-13,1997-07-16,Summer SEAMAP Groundfish Survey,0
417,1997,US,28,974,1997-06-20,1997-08-17,Reef Fish Survey,0
418,1997,LA,35,971,1997-06-29,1997-07-02,Summer SEAMAP Groundfish Survey,0
419,1997,AL,23,973,1997-07-15,1997-11-10,SEAMAP Trap Video Survey,0
420,1997,US,28,975,1997-09-07,1997-09-27,Fall SEAMAP Plankton Survey,0
421,1997,AL,23,972,1997-09-16,1997-09-16,Fall SEAMAP Plankton Survey,0
422,1997,MS,17,972,1997-09-20,1997-09-22,Fall SEAMAP Plankton Survey,0
423,1997,FL,26,972,1997-10-02,1997-10-06,Fall SEAMAP Plankton Survey,0
424,1997,LA,35,972,1997-10-04,1997-10-07,Fall SEAMAP Groundfish Survey,0
425,1997,US,4,229,1997-10-10,1997-11-20,Fall SEAMAP Groundfish Survey,0
426,1997,AL,23,974,1997-10-21,1997-10-21,Fall SEAMAP Groundfish Survey,0
427,1997,TX,32,972,1997-11-03,1997-11-20,Fall SEAMAP Groundfish Survey,0
428,1997,TX,40,972,1997-11-04,1997-11-20,Fall SEAMAP Groundfish Survey,0
429,1997,MS,17,973,1997-11-07,1997-11-11,Fall SEAMAP Groundfish Survey,0
430,1997,TX,34,972,1997-11-11,1997-11-25,Fall SEAMAP Groundfish Survey,0
431,1997,TX,33,972,1997-11-13,1997-11-21,Fall SEAMAP Groundfish Survey,0
432,1997,TX,31,972,1997-11-13,1997-11-20,Fall SEAMAP Groundfish Survey,0
433,1997,LA,35,973,1997-12-01,1997-12-04,Winter SEAMAP Trawl Survey,0
434,1998,US,28,984,1998-04-19,1998-05-30,Spring SEAMAP Plankton Survey,0
435,1998,AL,23,984,1998-05-19,1998-08-28,SEAMAP Trap Video Survey,0
436,1998,TX,33,981,1998-06-01,1998-06-17,Summer SEAMAP Groundfish Survey,0
437,1998,TX,32,981,1998-06-01,1998-06-25,Summer SEAMAP Groundfish Survey,0
438,1998,AL,23,981,1998-06-02,1998-06-02,Summer SEAMAP Groundfish Survey,0
439,1998,TX,40,981,1998-06-13,1998-06-23,Summer SEAMAP Groundfish Survey,0
440,1998,TX,34,981,1998-06-16,1998-06-22,Summer SEAMAP Groundfish Survey,0
441,1998,TX,31,981,1998-06-16,1998-06-23,Summer SEAMAP Groundfish Survey,0
442,1998,FL,26,981,1998-06-21,1998-06-23,Summer SEAMAP Plankton Survey,0
443,1998,US,4,230,1998-06-22,1998-07-16,Summer SEAMAP Groundfish Survey,0
444,1998,MS,17,981,1998-06-27,1998-07-09,Summer SEAMAP Groundfish Survey,0
445,1998,LA,35,981,1998-07-06,1998-07-09,Summer SEAMAP Groundfish Survey,0
446,1998,US,61,981,1998-07-09,1998-08-20,Fall SEAMAP Plankton Survey,0
447,1998,US,63,981,1998-09-04,1998-09-25,Fall SEAMAP Plankton Survey,0
448,1998,MS,17,982,1998-09-22,1998-09-24,Fall SEAMAP Plankton Survey,0
449,1998,LA,35,982,1998-09-30,1998-10-03,Fall SEAMAP Groundfish Survey,0
450,1998,AL,23,982,1998-10-06,1998-10-06,Fall SEAMAP Plankton Survey,0
451,1998,US,4,232,1998-10-12,1998-11-18,Fall SEAMAP Groundfish Survey,0
452,1998,MS,17,983,1998-10-26,1998-11-01,Fall SEAMAP Groundfish Survey,0
453,1998,AL,23,983,1998-10-27,1998-10-29,Fall SEAMAP Groundfish Survey,0
454,1998,TX,32,982,1998-11-02,1998-11-16,Fall SEAMAP Groundfish Survey,0
455,1998,TX,34,982,1998-11-03,1998-11-16,Fall SEAMAP Groundfish Survey,0
456,1998,TX,31,982,1998-11-03,1998-11-16,Fall SEAMAP Groundfish Survey,0
457,1998,TX,40,982,1998-11-03,1998-11-16,Fall SEAMAP Groundfish Survey,0
458,1998,TX,33,982,1998-11-13,1998-11-17,Fall SEAMAP Groundfish Survey,0
459,1998,LA,35,983,1998-11-17,1998-11-20,Fall SEAMAP Groundfish Survey,0
460,1999,AL,23,994,1999-01-25,1999-12-14,SEAMAP Trap Video Survey,0
461,1999,US,4,234,1999-04-23,1999-05-31,Spring SEAMAP Plankton Survey,0
462,1999,TX,32,991,1999-06-01,1999-06-16,Summer SEAMAP Groundfish Survey,0
463,1999,TX,34,991,1999-06-02,1999-06-19,Summer SEAMAP Groundfish Survey,0
464,1999,AL,23,991,1999-06-03,1999-06-04,Summer SEAMAP Groundfish Survey,0
465,1999,TX,40,991,1999-06-07,1999-06-16,Summer SEAMAP Groundfish Survey,0
466,1999,TX,33,991,1999-06-08,1999-06-16,Summer SEAMAP Groundfish Survey,0
467,1999,TX,65,991,1999-06-10,1999-06-29,Summer SEAMAP Groundfish Survey,0
468,1999,MS,17,991,1999-06-11,1999-07-09,Summer SEAMAP Groundfish Survey,0
469,1999,US,4,235,1999-06-15,1999-07-20,Summer SEAMAP Groundfish Survey,0
470,1999,LA,17,992,1999-07-12,1999-07-15,Summer SEAMAP Groundfish Survey,0
471,1999,US,63,992,1999-09-03,1999-09-29,Fall SEAMAP Plankton Survey,0
472,1999,MS,17,993,1999-09-09,1999-09-10,Fall SEAMAP Plankton Survey,0
473,1999,FL,26,991,1999-09-25,1999-09-29,Fall SEAMAP Plankton Survey,0
474,1999,AL,23,992,1999-09-29,1999-09-29,Fall SEAMAP Plankton Survey,0
475,1999,LA,17,994,1999-10-11,1999-10-14,Fall SEAMAP Groundfish Survey,0
476,1999,US,4,237,1999-10-16,1999-11-22,Fall SEAMAP Groundfish Survey,0
477,1999,US,63,993,1999-10-20,1999-11-22,Fall SEAMAP Groundfish Survey,0
478,1999,MS,17,995,1999-10-22,1999-10-26,Fall SEAMAP Groundfish Survey,0
479,1999,AL,23,993,1999-10-28,1999-10-28,Fall SEAMAP Groundfish Survey,0
480,1999,TX,32,992,1999-11-01,1999-11-16,Fall SEAMAP Groundfish Survey,0
481,1999,TX,40,992,1999-11-01,1999-11-17,Fall SEAMAP Groundfish Survey,0
482,1999,TX,65,992,1999-11-04,1999-12-01,Fall SEAMAP Groundfish Survey,0
483,1999,TX,33,992,1999-11-08,1999-11-23,Fall SEAMAP Groundfish Survey,0
484,1999,TX,34,992,1999-11-08,1999-11-18,Fall SEAMAP Groundfish Survey,0
485,1999,LA,35,993,1999-11-29,1999-12-03,Winter SEAMAP Trawl Survey,0
486,2000,US,63,2,2000-04-20,2000-05-26,Spring SEAMAP Plankton Survey,0
487,2000,TX,40,1,2000-06-01,2000-06-22,Summer SEAMAP Groundfish Survey,0
488,2000,TX,32,1,2000-06-05,2000-06-27,Summer SEAMAP Groundfish Survey,0
489,2000,AL,23,1,2000-06-05,2000-06-12,Summer SEAMAP Groundfish Survey,0
490,2000,TX,31,1,2000-06-06,2000-06-27,Summer SEAMAP Groundfish Survey,0
491,2000,MS,17,1,2000-06-09,2000-07-12,Summer SEAMAP Groundfish Survey,0
492,2000,TX,33,1,2000-06-13,2000-06-26,Summer SEAMAP Groundfish Survey,0
493,2000,TX,65,1,2000-06-13,2000-06-26,Summer SEAMAP Groundfish Survey,0
494,2000,US,4,240,2000-06-13,2000-07-19,Summer SEAMAP Groundfish Survey,0
495,2000,LA,35,1,2000-07-17,2000-07-20,Summer SEAMAP Groundfish Survey,0
496,2000,US,4,242,2000-09-07,2000-10-01,Fall SEAMAP Plankton Survey,0
497,2000,AL,23,2,2000-09-12,2000-09-12,Fall SEAMAP Plankton Survey,0
498,2000,FL,26,1,2000-09-26,2000-09-29,Fall SEAMAP Plankton Survey,0
499,2000,AL,23,4,2000-10-11,2000-11-03,SEAMAP Trap Video Survey,0
500,2000,LA,35,2,2000-10-11,2000-10-13,Fall SEAMAP Groundfish Survey,0
501,2000,MS,17,2,2000-10-13,2000-10-15,Fall SEAMAP Plankton Survey,0
502,2000,US,4,243,2000-10-14,2000-11-19,Fall SEAMAP Groundfish Survey,0
503,2000,AL,23,3,2000-10-19,2000-10-19,Fall SEAMAP Groundfish Survey,0
504,2000,MS,17,3,2000-10-20,2000-10-31,Fall SEAMAP Groundfish Survey,0
505,2000,TX,40,2,2000-11-10,2000-11-20,Fall SEAMAP Groundfish Survey,0
506,2000,TX,32,2,2000-11-10,2000-11-20,Fall SEAMAP Groundfish Survey,0
507,2000,TX,33,2,2000-11-11,2000-11-22,Fall SEAMAP Groundfish Survey,0
508,2000,TX,31,2,2000-11-11,2000-11-21,Fall SEAMAP Groundfish Survey,0
509,2000,TX,65,2,2000-11-15,2000-11-28,Fall SEAMAP Groundfish Survey,0
510,2000,LA,35,3,2000-11-27,2000-12-01,Winter SEAMAP Trawl Survey,0
511,2001,US,63,12,2001-04-18,2001-05-29,Spring SEAMAP Plankton Survey,0
512,2001,AL,66,11,2001-05-18,2001-10-22,SEAMAP Trap Video Survey,0
513,2001,TX,33,11,2001-06-01,2001-06-18,Summer SEAMAP Groundfish Survey,0
514,2001,TX,67,11,2001-06-01,2001-06-18,Summer SEAMAP Groundfish Survey,0
515,2001,MS,17,12,2001-06-08,2001-06-16,Summer SEAMAP Groundfish Survey,0
516,2001,TX,34,11,2001-06-08,2001-06-18,Summer SEAMAP Groundfish Survey,0
517,2001,TX,69,11,2001-06-11,2001-06-18,Summer SEAMAP Groundfish Survey,0
518,2001,TX,40,11,2001-06-11,2001-06-18,Summer SEAMAP Groundfish Survey,0
519,2001,US,4,246,2001-06-12,2001-07-24,Summer SEAMAP Groundfish Survey,0
520,2001,AL,23,11,2001-06-18,2001-06-25,Summer SEAMAP Groundfish Survey,0
521,2001,US,17,13,2001-07-03,2001-07-12,Summer SEAMAP Groundfish Survey,0
522,2001,LA,35,11,2001-07-16,2001-07-19,Summer SEAMAP Groundfish Survey,0
523,2001,US,63,15,2001-08-31,2001-09-07,Fall SEAMAP Plankton Survey,0
524,2001,AL,23,12,2001-09-27,2001-09-27,Fall SEAMAP Plankton Survey,0
525,2001,LA,35,12,2001-10-08,2001-10-21,Fall SEAMAP Groundfish Survey,0
526,2001,FL,26,11,2001-10-11,2001-10-14,Fall SEAMAP Plankton Survey,0
527,2001,US,63,16,2001-10-15,2001-11-19,Comparitive Tow,0
528,2001,US,4,248,2001-10-15,2001-11-19,Fall SEAMAP Groundfish Survey,0
529,2001,MS,17,14,2001-10-18,2001-10-21,Fall SEAMAP Plankton Survey,0
530,2001,AL,23,13,2001-10-23,2001-11-12,Fall SEAMAP Groundfish Survey,0
531,2001,TX,34,12,2001-11-07,2001-11-19,Fall SEAMAP Groundfish Survey,0
532,2001,TX,40,12,2001-11-07,2001-11-18,Fall SEAMAP Groundfish Survey,0
533,2001,TX,69,12,2001-11-07,2001-11-26,Fall SEAMAP Groundfish Survey,0
534,2001,TX,31,12,2001-11-08,2001-11-19,Fall SEAMAP Groundfish Survey,0
535,2001,TX,67,12,2001-11-12,2001-11-19,Fall SEAMAP Groundfish Survey,0
536,2001,MS,17,15,2001-12-04,2001-12-05,Winter SEAMAP Trawl Survey,0
537,2001,LA,35,13,2001-12-10,2001-12-13,Winter SEAMAP Trawl Survey,0
538,2002,US,55,21,2002-02-15,2002-03-08,Reef Fish Video Survey,0
539,2002,US,4,249,2002-04-05,2002-05-30,Reef Fish Survey,0
540,2002,US,63,22,2002-04-18,2002-05-28,Spring SEAMAP Plankton Survey,0
541,2002,MS,17,21,2002-05-16,2002-05-17,Spring SEAMAP Trawl Survey,0
542,2002,TX,32,22,2002-06-03,2002-06-17,Summer SEAMAP Groundfish Survey,0
543,2002,TX,31,22,2002-06-03,2002-06-18,Summer SEAMAP Groundfish Survey,0
544,2002,AL,23,21,2002-06-03,2002-06-26,Summer SEAMAP Groundfish Survey,0
545,2002,TX,33,22,2002-06-05,2002-06-18,Summer SEAMAP Groundfish Survey,0
546,2002,TX,69,22,2002-06-05,2002-06-26,Summer SEAMAP Groundfish Survey,0
547,2002,MS,17,22,2002-06-07,2002-07-05,Summer SEAMAP Groundfish Survey,0
548,2002,TX,67,22,2002-06-12,2002-06-17,Summer SEAMAP Groundfish Survey,0
549,2002,US,4,250,2002-06-12,2002-07-17,Summer SEAMAP Groundfish Survey,0
550,2002,LA,35,21,2002-07-09,2002-07-12,Summer SEAMAP Groundfish Survey,0
551,2002,US,63,25,2002-08-30,2002-09-20,Fall SEAMAP Plankton Survey,0
552,2002,LA,35,22,2002-09-16,2002-09-19,Fall SEAMAP Groundfish Survey,0
553,2002,AL,23,22,2002-09-17,2002-09-17,Fall SEAMAP Plankton Survey,0
554,2002,MS,17,23,2002-10-10,2002-10-11,Fall SEAMAP Plankton Survey,0
555,2002,AL,66,24,2002-10-11,2003-01-31,SEAMAP Trap Video Survey,0
556,2002,US,4,252,2002-10-12,2002-11-17,Fall SEAMAP Groundfish Survey,0
557,2002,MS,17,24,2002-10-18,2002-10-20,Fall SEAMAP Groundfish Survey,0
558,2002,AL,23,23,2002-10-22,2002-10-22,Fall SEAMAP Groundfish Survey,0
559,2002,TX,67,23,2002-11-05,2002-11-17,Fall SEAMAP Groundfish Survey,0
560,2002,TX,69,23,2002-11-06,2002-11-06,Fall SEAMAP Groundfish Survey,0
561,2002,TX,32,23,2002-11-07,2002-11-21,Fall SEAMAP Groundfish Survey,0
562,2002,TX,33,23,2002-11-08,2002-11-19,Fall SEAMAP Groundfish Survey,0
563,2002,TX,65,23,2002-11-19,2002-11-19,Fall SEAMAP Groundfish Survey,0
564,2002,LA,17,25,2002-12-02,2002-12-04,Winter SEAMAP Trawl Survey,0
565,2003,US,4,253,2003-05-13,2003-05-31,Spring SEAMAP Plankton Survey,0
566,2003,MS,17,31,2003-05-13,2003-05-16,Spring SEAMAP Plankton Survey,0
567,2003,TX,67,32,2003-06-02,2003-06-16,Summer SEAMAP Groundfish Survey,0
568,2003,TX,32,32,2003-06-02,2003-06-16,Summer SEAMAP Groundfish Survey,0
569,2003,TX,31,32,2003-06-02,2003-06-17,Summer SEAMAP Groundfish Survey,0
570,2003,TX,69,32,2003-06-03,2003-06-24,Summer SEAMAP Groundfish Survey,0
571,2003,TX,33,32,2003-06-04,2003-06-18,Summer SEAMAP Groundfish Survey,0
572,2003,AL,23,31,2003-06-10,2003-07-02,Summer SEAMAP Groundfish Survey,0
573,2003,US,4,254,2003-06-11,2003-07-17,Summer SEAMAP Groundfish Survey,0
574,2003,MS,17,32,2003-07-03,2003-07-06,Summer SEAMAP Groundfish Survey,0
575,2003,LA,35,31,2003-07-08,2003-07-11,Summer SEAMAP Groundfish Survey,0
576,2003,US,55,37,2003-07-24,2003-07-28,Summer SEAMAP Groundfish Survey,0
577,2003,US,63,33,2003-08-29,2003-09-28,Fall SEAMAP Plankton Survey,0
578,2003,AL,23,32,2003-09-09,2003-09-09,Fall SEAMAP Plankton Survey,0
579,2003,LA,35,32,2003-09-29,2003-10-01,Fall SEAMAP Groundfish Survey,0
580,2003,MS,17,33,2003-10-09,2003-10-14,Fall SEAMAP Groundfish Survey,0
581,2003,US,4,256,2003-10-11,2003-11-18,Fall SEAMAP Groundfish Survey,0
582,2003,AL,23,33,2003-10-21,2003-11-11,Fall SEAMAP Groundfish Survey,0
583,2003,TX,31,33,2003-11-03,2003-11-25,Fall SEAMAP Groundfish Survey,0
584,2003,TX,32,33,2003-11-04,2003-11-20,Fall SEAMAP Groundfish Survey,0
585,2003,TX,40,33,2003-11-04,2003-11-20,Fall SEAMAP Groundfish Survey,0
586,2003,TX,67,33,2003-11-05,2003-11-20,Fall SEAMAP Groundfish Survey,0
587,2003,TX,69,33,2003-11-10,2003-11-19,Fall SEAMAP Groundfish Survey,0
588,2003,LA,35,33,2003-12-16,2003-12-19,Winter SEAMAP Trawl Survey,0
589,2004,MS,17,41,2004-01-14,2004-01-15,Winter SEAMAP Plankton Survey,0
590,2004,US,63,42,2004-04-15,2004-06-10,Spring SEAMAP Plankton Survey,0
591,2004,US,4,258,2004-05-13,2004-05-30,Spring SEAMAP Plankton Survey,0
592,2004,TX,31,42,2004-06-02,2004-06-16,Summer SEAMAP Groundfish Survey,0
593,2004,TX,69,42,2004-06-02,2004-06-29,Summer SEAMAP Groundfish Survey,0
594,2004,AL,23,41,2004-06-03,2004-06-03,Summer SEAMAP Groundfish Survey,0
595,2004,TX,32,42,2004-06-04,2004-06-16,Summer SEAMAP Groundfish Survey,0
596,2004,TX,40,42,2004-06-04,2004-06-21,Summer SEAMAP Groundfish Survey,0
597,2004,US,4,259,2004-06-09,2004-07-16,Summer SEAMAP Groundfish Survey,0
598,2004,MS,17,43,2004-06-11,2004-07-12,Summer SEAMAP Groundfish Survey,0
599,2004,TX,67,42,2004-06-14,2004-06-21,Summer SEAMAP Groundfish Survey,0
600,2004,LA,35,41,2004-07-12,2004-07-15,Summer SEAMAP Groundfish Survey,0
601,2004,US,63,44,2004-09-03,2004-09-29,Fall SEAMAP Plankton Survey,0
602,2004,LA,17,44,2004-09-25,2004-09-25,Fall SEAMAP Plankton Survey,0
603,2004,US,4,261,2004-10-15,2004-11-18,Fall SEAMAP Groundfish Survey,0
604,2004,MS,17,45,2004-10-16,2004-10-19,Summer SEAMAP Groundfish Survey,0
605,2004,LA,35,42,2004-10-18,2004-10-21,Fall SEAMAP Groundfish Survey,0
606,2004,AL,23,42,2004-10-21,2004-10-21,Fall SEAMAP Groundfish Survey,0
607,2004,TX,69,43,2004-11-03,2004-11-29,Fall SEAMAP Groundfish Survey,0
608,2004,TX,32,43,2004-11-04,2004-11-22,Fall SEAMAP Groundfish Survey,0
609,2004,TX,67,43,2004-11-04,2004-11-18,Fall SEAMAP Groundfish Survey,0
610,2004,TX,40,43,2004-11-07,2004-12-12,Fall SEAMAP Groundfish Survey,0
611,2004,TX,31,43,2004-11-10,2004-11-26,Fall SEAMAP Groundfish Survey,0
612,2004,LA,35,43,2004-12-06,2004-12-09,Winter SEAMAP Trawl Survey,0
613,2005,MS,17,51,2005-05-11,2005-05-13,Spring SEAMAP Plankton Survey,0
614,2005,TX,40,52,2005-06-01,2005-06-16,Summer SEAMAP Groundfish Survey,0
615,2005,AL,23,51,2005-06-02,2005-06-07,Summer SEAMAP Groundfish Survey,0
616,2005,TX,32,52,2005-06-02,2005-06-23,Summer SEAMAP Groundfish Survey,0
617,2005,TX,69,52,2005-06-07,2005-06-07,Summer SEAMAP Groundfish Survey,0
618,2005,TX,31,52,2005-06-13,2005-06-16,Summer SEAMAP Groundfish Survey,0
619,2005,US,4,265,2005-06-15,2005-08-01,Summer SEAMAP Groundfish Survey,0
620,2005,MS,17,52,2005-06-24,2005-07-04,Summer SEAMAP Groundfish Survey,0
621,2005,TX,65,52,2005-06-28,2005-06-28,Summer SEAMAP Groundfish Survey,0
622,2005,TX,67,52,2005-07-05,2005-07-05,Summer SEAMAP Groundfish Survey,0
623,2005,LA,35,51,2005-07-07,2005-07-09,Summer SEAMAP Groundfish Survey,0
625,2005,LA,35,52,2005-10-10,2005-10-13,Fall SEAMAP Groundfish Survey,0
626,2005,US,63,55,2005-10-11,2005-11-15,Fall SEAMAP Groundfish Survey,0
627,2006,LA,35,61,2006-06-20,2006-06-23,Summer SEAMAP Groundfish Survey,0
628,2005,AL,23,52,2005-10-19,2005-10-19,Fall SEAMAP Groundfish Survey,0
629,2005,TX,32,53,2005-11-02,2005-11-21,Fall SEAMAP Groundfish Survey,0
630,2005,TX,67,53,2005-11-02,2005-11-21,Fall SEAMAP Groundfish Survey,0
631,2005,TX,40,53,2005-11-03,2005-11-20,Fall SEAMAP Groundfish Survey,0
632,2005,US,4,267,2005-11-06,2005-11-16,Fall SEAMAP Groundfish Suvey,0
633,2005,TX,31,53,2005-11-09,2005-11-22,Fall SEAMAP Groundfish Survey,0
634,2005,TX,69,53,2005-11-13,2005-11-29,Fall SEAMAP Groundfish Survey,0
635,2006,US,63,62,2006-04-23,2006-05-29,Spring SEAMAP Plankton Survey,0
636,2006,AL,23,61,2006-06-01,2006-06-15,Summer SEAMAP Groundfish Survey,0
637,2006,TX,65,62,2006-06-03,2006-06-23,Summer SEAMAP Groundfish Survey,0
638,2006,TX,69,62,2006-06-05,2006-06-27,Summer SEAMAP Groundfish Survey,0
639,2006,TX,40,62,2006-06-05,2006-06-23,Summer SEAMAP Groundfish Survey,0
640,2006,TX,32,62,2006-06-05,2006-06-26,Summer SEAMAP Groundfish Survey,0
641,2006,TX,67,62,2006-06-05,2006-06-26,Summer SEAMAP Groundfish Survey,0
642,2006,MS,17,61,2006-06-06,2006-07-05,Summer SEAMAP Groundfish Survey,0
643,2006,US,4,271,2006-06-14,2006-07-16,Summer SEAMAP Groundfish Survey,0
644,2006,US,63,64,2006-08-31,2006-09-27,Fall SEAMAP Plankton Survey,0
645,2006,AL,23,62,2006-09-05,2006-09-05,Fall SEAMAP Plankton Survey,0
647,2006,US,63,65,2006-10-13,2006-11-19,Fall SEAMAP Groundfish Survey,0
648,2006,US,4,273,2006-10-15,2006-11-20,Fall SEAMAP Groundfish Survey,0
649,2006,AL,23,63,2006-10-25,2006-11-09,Fall SEAMAP Groundfish Survey,0
650,2006,TX,40,63,2006-11-01,2006-11-17,Fall SEAMAP Groundfish Survey,0
651,2006,TX,65,63,2006-11-01,2006-11-17,Fall SEAMAP Groundfish Survey,0
652,2006,TX,32,63,2006-11-01,2006-11-20,Fall SEAMAP Groundfish Survey,0
653,2006,TX,69,63,2006-11-01,2006-11-27,Fall SEAMAP Groundfish Survey,0
654,2006,LA,35,62,2006-12-12,2006-12-15,Winter SEAMAP Trawl Survey,0
655,2007,US,63,72,2007-03-18,2007-03-28,Spring SEAMAP Plankton Survey,0
656,2007,US,63,73,2007-04-17,2007-05-29,Spring SEAMAP Plankton Survey,0
657,2007,AL,23,71,2007-06-04,2007-06-27,Summer SEAMAP Groundfish Survey,0
658,2007,MS,17,71,2007-06-05,2007-06-09,Spring SEAMAP Plankton Survey,0
659,2007,US,4,276,2007-06-07,2007-08-03,Summer SEAMAP Groundfish Survey,0
661,2007,LA,35,71,2007-06-26,2007-06-29,Summer SEAMAP Groundfish Survey,0
662,2007,US,63,75,2007-08-29,2007-09-28,Fall SEAMAP Plankton Survey,0
663,2007,MS,17,73,2007-09-28,2007-09-29,SEAMAP Fall Plankton Survey,0
664,2007,LA,35,72,2007-10-08,2007-10-11,Fall SEAMAP Groundfish Survey,0
666,2007,US,4,278,2007-10-15,2007-11-11,Fall SEAMAP Groundfish Survey,0
667,2007,LA,35,73,2007-12-04,2007-12-07,Winter SEAMAP Trawl Survey,0
668,2008,LA,35,81,2008-04-01,2008-04-04,Spring SEAMAP Trawl Survey,0
669,2008,LA,35,82,2008-06-23,2008-06-26,Summer SEAMAP Groundfish Survey,0
670,2008,LA,35,84,2008-09-23,2008-09-26,Fall SEAMAP Groundfish Survey,0
673,2007,TX,32,72,2007-06-04,2007-06-20,Summer SEAMAP Groundfish Survey,0
674,2007,TX,32,73,2007-11-01,2007-11-19,Fall SEAMAP Groundfish Survey,0
675,2007,TX,40,72,2007-06-05,2007-06-21,Summer SEAMAP Groundfish Survey,0
676,2007,TX,67,72,2007-06-04,2007-06-21,Summer SEAMAP Groundfish Survey,0
677,2007,TX,31,72,2007-06-05,2007-06-23,Summer SEAMAP Groundfish Survey,0
678,2007,TX,69,72,2007-06-05,2007-06-21,Summer SEAMAP Groundfish Survey,0
679,2007,TX,40,73,2007-11-01,2007-11-28,Fall SEAMAP Groundfish Survey,0
680,2007,TX,67,73,2007-11-01,2007-11-19,Fall SEAMAP Groundfish Survey,0
681,2007,TX,31,73,2007-11-02,2007-11-19,Fall SEAMAP Groundfish Survey,0
682,2007,TX,69,73,2007-11-08,2007-11-27,Fall SEAMAP Groundfish Survey,0
703,2008,AL,23,81,2008-06-02,2008-06-16,Summer SEAMAP Groundfish Survey,0
704,2008,AL,23,82,2008-09-17,2008-09-17,Fall SEAMAP Plankton Survey,0
705,2008,AL,23,83,2008-11-07,2008-11-17,Fall SEAMAP Groundfish Survey,0
706,2008,FL,17,83,2008-08-01,2008-08-10,Summer SEAMAP Groundfish Survey,0
707,2007,AL,23,72,2007-09-12,2007-09-12,Fall SEAMAP Plankton Survey,0
708,2007,AL,23,73,2007-10-09,2007-11-06,Fall SEAMAP Groundfish Survey,0
709,2008,MS,17,81,2008-05-20,2008-05-21,Spring SEAMAP Plankton Survey,0
710,2008,MS,17,84,2008-09-27,2008-09-29,Fall SEAMAP Plankton Survey,0
711,2008,MS,17,87,2008-11-19,2008-11-19,Fall SEAMAP Groundfish Survey,0
712,2008,US,63,82,2008-04-20,2008-05-30,Spring SEAMAP Plankton Survey,0
713,2003,US,72,31,2003-10-22,2003-11-23,SEAMAP Trap Video Survey,0
714,2009,LA,35,91,2009-01-26,2009-01-29,Winter SEAMAP Groundfish Survey,0
715,2009,MS,17,91,2009-03-03,2009-03-05,Winter SEAMAP Plankton Survey,0
717,2009,AL,23,91,2009-01-21,2009-01-21,Winter SEAMAP Groundfish Survey,0
718,2008,TX,32,82,2008-06-02,2008-06-16,Summer SEAMAP Groundfish Survey,0
719,2008,TX,32,83,2008-11-03,2008-11-20,Fall SEAMAP Groundfish Survey,0
720,2008,TX,40,82,2008-06-11,2008-06-17,Summer SEAMAP Groundfish Survey,0
721,2008,TX,67,82,2008-06-09,2008-06-16,Summer SEAMAP Groundfish Survey,0
722,2008,TX,31,82,2008-06-11,2008-06-23,Summer SEAMAP Groundfish Survey,0
723,2008,TX,69,82,2008-06-02,2008-06-24,Summer SEAMAP Groundfish Survey,0
724,2008,TX,40,83,2008-11-13,2008-11-17,Fall SEAMAP Groundfish Survey,0
725,2008,TX,67,83,2008-11-08,2008-11-17,Fall SEAMAP Groundfish Survey,0
726,2008,TX,31,83,2008-11-03,2008-11-18,Fall SEAMAP Groundfish Survey,0
727,2008,TX,69,83,2008-11-08,2008-11-19,Fall SEAMAP Groundfish Survey,0
728,2004,US,55,41,2004-02-22,2004-03-14,SEAMAP Trap Video Survey,0
729,2009,LA,35,92,2009-03-15,2009-03-18,Spring SEAMAP Groundfish Survey,0
730,2009,AL,23,92,2009-06-08,2009-06-11,Summer SEAMAP Groundfish Survey,0
732,2005,US,72,54,2005-10-18,2005-10-27,SEAMAP Trap Video Survey,0
733,2005,US,72,52,2005-05-23,2005-07-29,SEAMAP Trap Video Survey,0
734,2005,US,4,264,2005-04-20,2005-05-11,SEAMAP Trap Video Survey,0
735,2005,US,55,53,2005-02-16,2005-03-25,SEAMAP Trap Video Survey,0
736,2009,LA,35,93,2009-06-16,2009-06-19,Summer SEAMAP Groundfish Survey,0
737,2009,TX,69,91,2009-02-12,2009-02-23,Winter SEAMAP Groundfish Survey,0
738,2009,TX,67,91,2009-02-03,2009-02-23,Winter SEAMAP Groundfish Survey,0
739,2009,TX,40,91,2009-02-03,2009-02-24,Winter SEAMAP Groundfish Survey,0
740,2009,TX,32,91,2009-02-03,2009-02-23,Winter SEAMAP Groundfish Survey,0
741,2009,TX,31,91,2009-02-12,2009-02-23,Winter SEAMAP Groundfish Survey,0
742,2006,US,4,270,2006-04-16,2006-05-09,Reef Fish Survey,0
743,2006,US,72,63,2006-05-25,2006-07-07,Reef Fish Survey,0
744,2006,US,72,65,2006-07-27,2006-08-11,Reef Fish Survey,0
745,2006,US,55,61,2006-02-17,2006-03-28,Reef Fish Survey,0
746,2007,US,4,275,2007-04-22,2007-05-30,SEAMAP Trap Video Survey,0
747,2007,US,55,72,2007-02-06,2007-03-09,SEAMAP Trap Video Survey,0
749,2009,LA,35,94,2009-09-22,2009-09-25,Fall SEAMAP Groundfish Survey,0
750,2009,AL,23,94,2009-10-28,2009-10-28,Fall SEAMAP Groundfish Survey,0
752,2009,TX,31,92,2009-06-03,2009-06-24,Summer SEAMAP Groundfish Survey,0
753,2009,TX,32,92,2009-06-03,2009-06-24,Summer SEAMAP Groundfish Survey,0
754,2009,TX,40,92,2009-06-01,2009-06-23,Summer SEAMAP Groundfish Survey,0
755,2009,TX,67,92,2009-06-01,2009-06-24,Summer SEAMAP Groundfish Survey,0
756,2009,TX,69,92,2009-06-15,2009-06-23,Summer SEAMAP Groundfish Survey,0
757,2009,TX,31,93,2009-11-02,2009-11-18,Fall SEAMAP Groundfish Survey,0
758,2009,TX,32,93,2009-11-02,2009-11-18,Fall SEAMAP Groundfish Survey,0
759,2009,TX,40,93,2009-11-02,2009-11-18,Fall SEAMAP Groundfish Survey,0
760,2009,TX,67,93,2009-11-02,2009-11-17,Fall SEAMAP Groundfish Survey,0
761,2009,TX,69,93,2009-11-04,2009-11-17,Fall SEAMAP Groundfish Survey,0
762,2009,FL,17,97,2009-10-09,2009-10-28,Fall SEAMAP Groundfish Survey,0
764,2008,FL,17,86,2008-10-15,2008-10-22,Fall SEAMAP Groundfish Survey,0
765,2010,FL,17,102,2010-06-25,2010-07-16,Summer SEAMAP Groundfish Survey,0
766,2009,US,63,94,2009-08-26,2009-09-28,Fall SEAMAP Plankton Survey,0
767,2009,US,63,91,2009-02-05,2009-03-14,Winter SEAMAP Plankton Survey,0
771,2009,US,63,92,2009-04-03,2009-06-01,Spring SEAMAP Plankton Survey,0
772,2010,MS,17,105,2010-09-17,2010-09-20,Fall SEAMAP Plankton Survey,0
782,2010,LA,35,101,2010-02-25,2010-02-28,Winter SEAMAP Groundfish Survey,0
784,2008,US,55,81,2008-02-02,2008-03-12,Reef Fish Survey,0
785,2008,US,72,82,2008-06-12,2008-08-10,Reef Fish Survey,0
786,2008,US,63,84,2008-09-05,2008-09-30,Fall SEAMAP Plankton Survey,0
788,2010,TX,31,101,2010-02-14,2010-02-17,Winter SEAMAP Groundfish Survey,0
789,2010,TX,32,101,2010-02-05,2010-02-16,Winter SEAMAP Groundfish Survey,0
790,2010,TX,40,101,2010-02-01,2010-02-17,Winter SEAMAP Groundfish Survey,0
791,2010,TX,67,101,2010-02-05,2010-02-16,Winter SEAMAP Groundfish Survey,0
792,2010,TX,69,101,2010-02-01,2010-02-17,Winter SEAMAP Groundfish Survey,0
793,2010,TX,31,102,2010-06-07,2010-06-21,Summer SEAMAP Groundfish Survey,0
794,2010,TX,32,102,2010-06-01,2010-06-16,Summer SEAMAP Groundfish Survey,0
795,2010,TX,40,102,2010-06-02,2010-06-17,Summer SEAMAP Groundfish Survey,0
796,2010,TX,67,102,2010-06-01,2010-06-21,Summer SEAMAP Groundfish Survey,0
797,2010,TX,69,102,2010-06-03,2010-06-21,Summer SEAMAP Groundfish Survey,0
799,2010,LA,35,102,2010-04-16,2010-04-19,Spring SEAMAP Groundfish Survey,0
800,2010,LA,35,103,2010-06-08,2010-06-11,Summer SEAMAP Groundfish Survey,0
801,2010,LA,35,104,2010-09-22,2010-09-24,Fall SEAMAP Groundfish Survey,0
802,2009,MS,17,95,2009-09-16,2009-09-17,Fall SEAMAP Plankton Survey,0
803,2011,AL,77,112,2011-06-15,2011-06-15,Summer SEAMAP Groundfish Survey,0
804,2011,TX,31,111,2011-02-12,2011-02-23,Winter SEAMAP Groundfish Survey,0
805,2011,TX,32,111,2011-02-08,2011-02-17,Winter SEAMAP Groundfish Survey,0
806,2011,TX,40,111,2011-02-11,2011-02-19,Winter SEAMAP Groundfish Survey,0
807,2011,TX,67,111,2011-02-08,2011-02-16,Winter SEAMAP Groundfish Survey,1
808,2011,TX,69,111,2011-02-12,2011-02-23,Winter SEAMAP Groundfish Survey,1
809,2009,US,72,95,2009-06-11,2009-08-01,Reef Fish Survey,0
820,2011,TX,31,112,2011-06-01,2011-06-28,Summer SEAMAP Groundfish Survey,3
821,2011,TX,32,112,2011-06-01,2011-06-27,Summer SEAMAP Groundfish Survey,3
822,2011,TX,40,112,2011-06-02,2011-06-29,Summer SEAMAP Groundfish Survey,3
823,2011,TX,67,112,2011-06-07,2011-06-23,Summer SEAMAP Groundfish Survey,3
824,2011,TX,69,112,2011-06-01,2011-06-23,Summer SEAMAP Groundfish Survey,3
825,2011,TX,31,113,2011-11-05,2011-11-29,Fall SEAMAP Groundfish Survey,3
826,2011,TX,32,113,2011-11-01,2011-11-16,Fall SEAMAP Groundfish Survey,3
827,2011,TX,40,113,2011-11-11,2011-11-16,Fall SEAMAP Groundfish Survey,3
828,2011,TX,67,113,2011-11-01,2011-11-16,Fall SEAMAP Groundfish Survey,3
829,2011,TX,69,113,2011-11-01,2011-11-16,Fall SEAMAP Groundfish Survey,3
830,2010,US,76,103,2010-06-17,2010-07-11,SEAMAP Reef Fish Survey,0
831,2010,US,72,101,2010-03-17,2010-04-02,SEAMAP Reef Fish Survey,0
832,2010,US,72,103,2010-05-14,2010-06-03,SEAMAP Reef Fish Survey,0
833,2010,US,72,105,2010-08-20,2010-09-05,SEAMAP Reef Fish Survey,0
834,2010,US,63,101,2010-04-07,2010-05-22,Spring SEAMAP Plankton Survey,0
835,2010,US,63,104,2010-08-25,2010-09-28,Fall SEAMAP Plankton Survey,0
837,2009,FL,75,91,2009-07-14,2009-07-16,Summer SEAMAP Groundfish Survey,0
838,2010,FL,75,102,2010-07-07,2010-07-10,Summer SEAMAP Groundfish Survey,0
839,2010,TX,31,103,2010-11-08,2010-11-19,Fall SEAMAP Groundfish Survey,NA
840,2010,TX,32,103,2010-11-01,2010-11-19,Fall SEAMAP Groundfish Survey,NA
841,2010,TX,40,103,2010-11-09,2010-11-18,Fall SEAMAP Groundfish Survey,NA
842,2010,TX,67,103,2010-11-01,2010-11-17,Fall SEAMAP Groundfish Survey,NA
843,2010,TX,69,103,2010-11-08,2010-11-17,Fall SEAMAP Groundfish Survey,NA
847,2012,TX,31,122,2012-06-07,2012-07-06,Summer SEAMAP Groundfish Survey,NA
848,2012,TX,32,122,2012-06-05,2012-07-03,Summer SEAMAP Groundfish Survey,NA
850,2012,TX,69,122,2012-06-07,2012-07-03,Summer SEAMAP Groundfish Survey,NA
851,2012,TX,87,122,2012-06-05,2012-07-12,Summer SEAMAP Groundfish Survey,NA
852,2012,TX,31,123,2012-11-02,2012-11-20,Fall SEAMAP Groundfish Survey,NA
853,2012,TX,32,123,2012-11-01,2012-11-19,Fall SEAMAP Groundfish Survey,NA
854,2012,TX,40,123,2012-11-01,2012-11-18,Fall SEAMAP Groundfish Survey,NA
855,2012,TX,69,123,2012-11-07,2012-11-19,Fall SEAMAP Groundfish Survey,NA
856,2012,TX,87,123,2012-11-01,2012-11-26,Fall SEAMAP Groundfish Survey,NA
858,2011,US,63,111,2011-03-31,2011-05-27,Spring SEAMAP Plankton Survey,0
860,2012,MS,17,1205,2012-10-03,2012-10-04,Fall SEAMAP Groundfish Survey,0
861,2011,MS,17,1105,2011-10-21,2011-10-25,Fall SEAMAP Groundfish Survey,0
862,2008,US,4,281,2008-04-13,2008-05-21,Reef Fish Survey,0
863,2008,US,4,280,2008-02-07,2008-03-15,Winter SEAMAP Plankton Survey,0
864,2005,US,72,504,2005-10-18,2005-10-27,SEAMAP Trap Video Survey,0
865,2013,FL,17,1302,2013-06-08,2013-06-25,Summer SEAMAP Groundfish Survey,0
866,2011,MS,17,1104,2011-09-09,2011-09-10,Fall SEAMAP Plankton Survey,0
867,2012,MS,17,1201,2012-05-04,2012-05-16,Spring SEAMAP Plankton Survey,0
868,2012,MS,17,1204,2012-09-11,2012-09-21,Fall SEAMAP Plankton Survey,0
869,2012,AL,77,1203,2012-10-09,2012-10-10,Fall SEAMAP Groundfish Survey,0
870,2012,AL,77,1201,2012-06-29,2012-06-30,Summer SEAMAP Groundfish Survey,0
871,2012,FL,17,1203,2012-06-07,2012-07-04,Summer SEAMAP Groundfish Survey,0
872,2012,MS,17,1202,2012-05-29,2012-05-31,Summer SEAMAP Groundfish Survey,0
873,2011,AL,77,1104,2011-11-01,2011-11-12,Fall SEAMAP Groundfish Survey,0
874,2011,US,4,297,2011-10-10,2011-11-06,Fall SEAMAP Groundfish Survey,0
875,2011,US,4,294,2011-04-08,2011-04-25,SEAMAP Reef Fish Survey,0
876,2011,US,72,1101,2011-05-09,2011-07-11,SEAMAP Reef Fish Survey,0
877,2013,AL,77,1301,2013-07-03,2013-07-12,Summer SEAMAP Groundfish Survey,0
878,2013,LA,88,1301,2013-05-06,2013-05-09,Spring SEAMAP Plankton Survey,NA
879,2012,LA,88,1201,2012-05-08,2012-05-11,Spring SEAMAP Plankton Survey,NA
881,2012,LA,88,1203,2012-09-10,2012-09-12,Fall SEAMAP Plankton Survey,NA
888,2013,MS,17,1303,2013-07-12,2013-07-14,Summer SEAMAP Groundfish Survey,0
889,2013,MS,17,1301,2013-05-21,2013-05-22,Spring SEAMAP Plankton Survey,0
890,2013,MS,17,1304,2013-09-05,2013-09-06,Fall SEAMAP Plankton Survey,0
897,2009,AL,23,903,2009-09-02,2009-09-02,Fall SEAMAP Plankton Survey,4
898,2010,AL,77,1003,2010-09-02,2010-09-02,Fall SEAMAP Plankton Survey,4
899,2011,AL,77,1103,2011-09-20,2011-09-20,Fall SEAMAP Plankton Survey,0
900,2012,AL,77,1202,2012-09-04,2012-09-04,Fall SEAMAP Plankton Survey,0
901,2012,US,4,299,2012-06-07,2012-07-15,Summer SEAMAP Groundfish Survey,0
903,2013,AL,77,1303,2013-11-22,2013-11-22,Fall SEAMAP Groundfish Survey,0
906,2013,FL,17,1305,2013-10-09,2013-10-19,Fall SEAMAP Groundfish Survey,0
913,2012,US,4,301,2012-10-11,2012-11-17,Fall SEAMAP Groundfish Survey,0
914,2013,US,4,304,2013-06-09,2013-07-18,Summer SEAMAP Groundfish Survey,0
919,2013,LA,88,1303,2013-09-13,2013-09-14,Fall SEAMAP Plankton Survey,NA
921,2011,FL,17,1103,2011-06-08,2011-07-31,Summer SEAMAP Groundfish Survey,0
922,2013,MS,17,1306,2013-11-11,2013-11-12,Fall SEAMAP Groundfish Survey,0
923,2013,TX,32,1303,2013-11-10,2013-11-18,Fall SEAMAP Groundfish Survey,NA
924,2013,TX,67,1303,2013-11-11,2013-11-18,Fall SEAMAP Groundfish Survey,NA
925,2013,TX,69,1303,2013-11-11,2013-11-17,Fall SEAMAP Groundfish Survey,NA
926,2013,TX,87,1303,2013-11-04,2013-11-18,Fall SEAMAP Groundfish Survey,NA
927,2013,TX,90,1303,2013-11-11,2013-11-21,Fall SEAMAP Groundfish Survey,NA
929,2013,LA,88,1302,2013-07-08,2013-07-12,Summer SEAMAP Groundfish Survey,NA
930,2011,LA,35,1101,2011-06-20,2011-06-23,Summer SEAMAP Groundfish Survey,NA
931,2011,LA,35,1102,2011-10-03,2011-10-06,Fall SEAMAP Groundfish Survey,NA
932,2012,LA,35,1202,2012-06-05,2012-06-08,Summer SEAMAP Groundfish Survey,NA
933,2012,LA,35,1204,2012-10-30,2012-11-02,Fall SEAMAP Groundfish Survey,NA
934,2013,LA,88,1304,2013-10-28,2013-11-18,Fall SEAMAP Groundfish Survey,NA
935,2011,MS,17,1102,2011-06-03,2011-06-05,Summer SEAMAP Groundfish Survey,0
936,2014,LA,88,1401,2014-05-01,2014-05-09,Spring SEAMAP Plankton Survey,NA
937,2011,US,4,295,2011-06-07,2011-07-17,Summer SEAMAP Groundfish Survey,0
938,2011,AL,77,1101,2011-02-15,2011-02-15,Winter SEAMAP Groundfish Survey,0
939,2010,AL,77,1004,2010-10-17,2010-10-18,Fall SEAMAP Groundfish Survey,0
940,2010,FL,17,1007,2010-10-14,2010-10-22,Fall SEAMAP Groundfish Survey,0
941,2010,US,4,292,2010-10-09,2010-11-18,Fall SEAMAP Groundfish Survey,0
942,2010,US,4,290,2010-06-26,2010-08-02,Summer SEAMAP Groundfish Survey,0
943,2010,AL,77,1002,2010-06-02,2010-06-08,Summer SEAMAP Groundfish Survey,0
944,2010,AL,77,1001,2010-02-20,2010-02-20,Winter SEAMAP Groundfish Survey,0
945,2009,US,4,289,2009-10-10,2009-11-20,Fall SEAMAP Groundfish Survey,0
946,2009,MS,17,906,2009-10-02,2009-10-05,Fall SEAMAP Groundfish Survey,0
947,2009,US,4,287,2009-06-08,2009-07-17,Summer SEAMAP Groundfish Survey,0
948,2008,US,4,284,2008-10-10,2008-11-18,Fall SEAMAP Groundfish Survey,0
949,2008,US,4,282,2008-06-11,2008-07-16,Summer SEAMAP Groundfish Survey,0
950,2008,MS,17,802,2008-05-31,2008-06-03,Summer SEAMAP Groundfish Survey,0
951,2007,MS,17,704,2007-10-10,2007-10-13,Fall SEAMAP Groundfish Survey,0
952,2007,MS,17,702,2007-06-12,2007-07-08,Summer SEAMAP Groundfish Survey,0
953,2006,MS,17,602,2006-10-05,2006-10-08,Fall SEAMAP Groundfish Survey,0
954,2014,AL,77,1401,2014-07-12,2014-07-12,Summer SEAMAP Groundfish Survey,0
955,2014,FL,17,1402,2014-06-08,2014-06-29,Summer SEAMAP Groundfish Survey,1
956,2009,FL,17,904,2009-07-10,2009-07-30,Summer SEAMAP Groundfish Survey,0
957,2009,MS,17,903,2009-06-02,2009-07-01,Summer SEAMAP Groundfish Survey,0
958,2010,MS,17,1001,2010-05-31,2010-08-26,Summer SEAMAP Groundfish Survey,0
959,2010,MS,17,1006,2010-10-06,2010-10-08,Fall SEAMAP Groundfish Survey,0
960,2009,US,4,286,2009-04-15,2009-05-28,Reef Fish Survey,0
961,2012,US,55,1201,2012-01-29,2012-03-17,Reef Fish Survey,0
962,2012,US,4,298,2012-01-29,2012-02-27,Winter SEAMAP Plankton Survey,0
963,2013,US,4,303,2013-04-23,2013-05-29,Spring SEAMAP Plankton Survey,0
964,2013,US,4,302,2013-02-01,2013-02-28,Winter SEAMAP Plankton Survey,0
965,2012,US,63,1203,2012-08-25,2012-09-28,Fall SEAMAP Plankton Survey,0
966,2012,US,63,1201,2012-03-29,2012-05-28,Spring SEAMAP Plankton Survey,0
967,2013,US,76,1305,2013-08-21,2013-09-28,Fall SEAMAP Plankton Survey,0
968,2013,US,55,1301,2013-02-02,2013-03-30,SEAMAP Reef Fish,0
969,2012,US,72,1201,2012-06-30,2012-08-25,SEAMAP Reef Fish,0
971,2012,US,76,1201,2012-04-06,2012-05-07,SEAMAP Reef Fish,0
972,2013,US,76,1302,2013-04-07,2013-06-04,SEAMAP Reef Fish,0
973,2013,AL,77,132,2013-09-06,2013-09-06,Fall SEAMAP Plankton Survey,4
974,2013,US,4,306,2013-10-28,2013-12-06,SEAMAP Fall Groundfish Survey,0
975,2014,MS,17,1401,2014-05-05,2014-05-06,SEAMAP Spring Plankton Survey,0
976,2014,MS,17,1403,2014-07-11,2014-07-13,SEAMAP Summer Groundfish Survey,0
977,2014,MS,17,1404,2014-09-03,2014-09-04,SEAMAP Fall Plankton Survey,0
978,2014,MS,17,1405,2014-10-01,2014-10-03,SEAMAP Fall Groundfish Survey,0
979,2014,AL,77,1403,2014-10-23,2014-10-23,SEAMAP Fall Groundfish Survey,0
980,2014,LA,93,1402,2014-09-03,2014-09-05,Fall SEAMAP Plankton Survey,NA
981,2014,LA,35,1403,2014-10-06,2014-10-10,Fall SEAMAP Groundfish Survey,NA
982,2011,US,63,1103,2011-08-26,2011-09-28,Fall SEAMAP Plankton Survey,0
983,2014,FL,17,1406,2014-10-08,2014-10-30,Fall SEAMAP Groundfish Survey,0
989,2014,TX,32,1403,2014-11-09,2014-11-26,Fall SEAMAP Groundfish Survey,NA
990,2014,TX,65,1403,2014-11-09,2014-11-18,Fall SEAMAP Groundfish Survey,NA
991,2014,TX,67,1403,2014-11-10,2014-11-19,Fall SEAMAP Groundfish Survey,NA
992,2014,TX,87,1403,2014-11-15,2014-11-26,Fall SEAMAP Groundfish Survey,NA
993,2014,TX,90,1403,2014-11-08,2014-11-19,Fall SEAMAP Groundfish Survey,NA
1006,2014,TX,32,1402,2014-06-02,2014-06-23,Summer SEAMAP Groundfish Survey,NA
1007,2014,TX,65,1402,2014-06-03,2014-06-24,Summer SEAMAP Groundfish Survey,NA
1008,2014,TX,67,1402,2014-06-24,2014-06-24,Summer SEAMAP Groundfish Survey,NA
1009,2014,TX,69,1402,2014-06-11,2014-06-23,Summer SEAMAP Groundfish Survey,NA
1010,2014,TX,90,1402,2014-06-04,2014-06-21,Summer SEAMAP Groundfish Survey,NA
1011,2014,TX,92,1402,2014-06-11,2014-06-11,Summer SEAMAP Groundfish Survey,NA
1012,2013,TX,31,1302,2013-06-03,2013-06-22,Summer SEAMAP Groundfish Survey,NA
1013,2013,TX,40,1302,2013-06-03,2013-06-27,Summer SEAMAP Groundfish Survey,NA
1014,2013,TX,67,1302,2013-06-04,2013-06-26,Summer SEAMAP Groundfish Survey,NA
1015,2013,TX,69,1302,2013-06-05,2013-06-20,Summer SEAMAP Groundfish Survey,NA
1016,2013,TX,87,1302,2013-06-03,2013-06-17,Summer SEAMAP Groundfish Survey,NA
1017,2015,AL,77,1501,2015-06-29,2015-06-29,Summer SEAMAP Groundfish Survey,0
1018,2014,US,4,308,2014-06-10,2014-07-17,Summer SEAMAP Groundfish Survey,0
1019,2015,LA,95,1501,2015-05-20,2015-05-22,Spring SEAMAP Plankton Survey,NA
1020,2014,US,4,310,2014-10-09,2014-11-18,Fall SEAMAP Groundfish Survey,0
